DATE,,,Byproduct,Gross_farm_value,Net_farm_value,Wholesale_value,Retail_value,Total,Farm_wholesale,Wholesale_retail,All_fresh_beef_retail_value
1,1,1970,6,67.4,61.4,75.9,98.5,37.1,14.5,22.6,NULL
2,1,1970,6.4,69.8,63.4,75.6,98.3,34.9,12.2,22.7,NULL
3,1,1970,6.5,74,67.5,79.9,100.6,33.1,12.4,20.7,NULL
4,1,1970,6.5,73.4,66.9,79.2,101.1,34.2,12.3,21.9,NULL
5,1,1970,6.2,70.9,64.7,76.6,100.7,36,11.9,24.1,NULL
6,1,1970,6,72.5,66.5,78.2,99.8,33.3,11.7,21.6,NULL
7,1,1970,5.9,74.1,68.2,81.5,102,33.8,13.3,20.5,NULL
8,1,1970,6,71.7,65.7,79.1,101.7,36,13.4,22.6,NULL
9,1,1970,6,70.4,64.4,76.8,100.2,35.8,12.4,23.4,NULL
10,1,1970,6.1,69.1,63,74.6,99.3,36.3,11.6,24.7,NULL
11,1,1970,5.8,65.6,59.8,73.1,99.1,39.3,13.3,26,NULL
12,1,1970,5.3,64.1,58.8,71.5,98,39.2,12.7,26.5,NULL
1,1,1971,5.1,68.1,63,78.9,98.8,35.8,15.9,19.9,NULL
2,1,1971,5.9,76.1,70.2,84,102.9,32.7,13.8,18.9,NULL
3,1,1971,6,75.5,69.5,83.2,104,34.5,13.7,20.8,NULL
4,1,1971,6.1,76.9,70.8,85.2,105.8,35,14.4,20.6,NULL
5,1,1971,6.1,77.7,71.6,87.2,106.8,35.2,15.6,19.6,NULL
6,1,1971,6,76.7,70.7,85.2,107.6,36.9,14.5,22.4,NULL
7,1,1971,5.9,76.7,70.8,84.9,106.8,36,14.1,21.9,NULL
8,1,1971,5.9,78.4,72.5,87,107.7,35.2,14.5,20.7,NULL
9,1,1971,6,77.1,71.1,85.2,108,36.9,14.1,22.8,NULL
10,1,1971,6,76.5,70.5,83.6,107.2,36.7,13.1,23.6,NULL
11,1,1971,6.1,79.4,73.3,87.3,108.5,35.2,14,21.2,NULL
12,1,1971,6.2,81,74.8,90.4,110.8,36,15.6,20.4,NULL
1,1,1972,6.6,84.1,77.5,93,114,36.5,15.5,21,NULL
2,1,1972,7,85.4,78.4,93.1,118.4,40,14.7,25.3,NULL
3,1,1972,8.1,83.3,75.2,89.2,118.5,43.3,14,29.3,NULL
4,1,1972,8.5,82.1,73.6,87.2,114.6,41,13.6,27.4,NULL
5,1,1972,8.5,85,76.5,91.5,114.1,37.6,15,22.6,NULL
6,1,1972,8.7,89.8,81.1,96,116.3,35.2,14.9,20.3,NULL
7,1,1972,9.2,90.3,81.1,95.1,120.2,39.1,14,25.1,NULL
8,1,1972,9.8,84.2,74.4,88.6,118.7,44.3,14.2,30.1,NULL
9,1,1972,9.9,82.9,73,86.6,115.9,42.9,13.6,29.3,NULL
10,1,1972,10.9,83.5,72.6,86.2,115.8,43.2,13.6,29.6,NULL
11,1,1972,10.8,80.8,70,83.7,115.4,45.4,13.7,31.7,NULL
12,1,1972,10.1,88.4,78.3,93.1,117.8,39.5,14.8,24.7,NULL
1,1,1973,10.8,97.2,86.4,102,125.5,39.1,15.6,23.5,NULL
2,1,1973,11.8,103.6,91.8,108.1,134,42.2,16.3,25.9,NULL
3,1,1973,11.7,108.5,96.8,112,139.3,42.5,15.2,27.3,NULL
4,1,1973,11.5,107.2,95.7,112.5,140,44.3,16.8,27.5,NULL
5,1,1973,12.4,109.6,97.2,111.8,140.1,42.9,14.6,28.3,NULL
6,1,1973,12.9,112.1,99.2,114.4,139.6,40.4,15.2,25.2,NULL
7,1,1973,13.8,115.2,101.4,115.8,140.6,39.2,14.4,24.8,NULL
8,1,1973,14,129.3,115.3,126.3,148.7,33.4,11,22.4,NULL
9,1,1973,12.5,109.1,96.6,115.1,149.5,52.9,18.5,34.4,NULL
10,1,1973,11.7,99.4,87.7,104.6,140.4,52.7,16.9,35.8,NULL
11,1,1973,11.6,96,84.4,101.7,139.4,55,17.3,37.7,NULL
12,1,1973,10.9,95,84.1,105.4,138.9,54.8,21.3,33.5,NULL
1,1,1974,12.5,114.8,102.3,121,147.8,45.5,18.7,26.8,NULL
2,1,1974,11.6,111.5,99.9,122.8,155.1,55.2,22.9,32.3,NULL
3,1,1974,10.9,102.2,91.3,108.8,147.2,55.9,17.5,38.4,NULL
4,1,1974,10.3,100,89.7,107.3,141.2,51.5,17.6,33.9,NULL
5,1,1974,9.3,97.9,88.6,107.9,139.9,51.3,19.3,32,NULL
6,1,1974,8.4,91.4,83,101.8,136.9,53.9,18.8,35.1,NULL
7,1,1974,9.7,106.6,96.9,116.8,143,46.1,19.9,26.2,NULL
8,1,1974,10.9,114.8,103.9,120.4,148.7,44.8,16.5,28.3,NULL
9,1,1974,9.4,100.3,90.9,108.7,147,56.1,17.8,38.3,NULL
10,1,1974,8.7,96.4,87.7,105.5,142,54.3,17.8,36.5,NULL
11,1,1974,8,92.1,84.1,101.4,139.7,55.6,17.3,38.3,NULL
12,1,1974,7.3,90,82.7,98.9,137.3,54.6,16.2,38.4,NULL
1,1,1975,6.9,88.9,82,100.3,138.1,56.1,18.3,37.8,NULL
2,1,1975,6.5,85.2,78.7,95.6,134.2,55.5,16.9,38.6,NULL
3,1,1975,7.3,88.4,81.1,97.5,132.2,51.1,16.4,34.7,NULL
4,1,1975,8.8,105,96.2,114.3,139.4,43.2,18.1,25.1,NULL
5,1,1975,9.5,120.4,110.9,130.9,154,43.1,20,23.1,NULL
6,1,1975,9.9,127.5,117.6,139.2,164.5,46.9,21.6,25.3,NULL
7,1,1975,10.3,123.2,112.9,135.2,167.9,55,22.3,32.7,NULL
8,1,1975,10.2,113.8,103.6,126.7,162.2,58.6,23.1,35.5,NULL
9,1,1975,10.3,117.4,107.1,129.3,159.5,52.4,22.2,30.2,NULL
10,1,1975,10.4,114.4,104,123.1,159.1,55.1,19.1,36,NULL
11,1,1975,10.1,108.6,98.5,118.6,158,59.5,20.1,39.4,NULL
12,1,1975,9.8,110,100.2,119.3,157.4,57.2,19.1,38.1,NULL
1,1,1976,9.5,99.5,90,109.9,155.4,65.4,19.9,45.5,NULL
2,1,1976,8.9,93.4,84.5,102.1,149.2,64.7,17.6,47.1,NULL
3,1,1976,8.6,87.3,78.7,94.1,141.5,62.8,15.4,47.4,NULL
4,1,1976,11.4,105.1,93.7,109,148.6,54.9,15.3,39.6,NULL
5,1,1976,10.9,98.6,87.7,104.4,148.5,60.8,16.7,44.1,NULL
6,1,1976,10.7,97.8,87.1,103.2,147.5,60.4,16.1,44.3,NULL
7,1,1976,10.1,91.1,81,96,145,64,15,49,NULL
8,1,1976,9.9,89.6,79.7,94.6,142.4,62.7,14.9,47.8,NULL
9,1,1976,9.9,89,79.1,94.9,141,61.9,15.8,46.1,NULL
10,1,1976,10.2,91,80.8,96.3,140.2,59.4,15.5,43.9,NULL
11,1,1976,9.3,94.5,85.2,100.5,142.6,57.4,15.3,42.1,NULL
12,1,1976,9.9,96.4,86.5,103.5,146,59.5,17,42.5,NULL
1,1,1977,10.8,91.9,81.1,99.1,144.6,63.5,18,45.5,NULL
2,1,1977,10.8,91.5,80.7,97.5,141.6,60.9,16.8,44.1,NULL
3,1,1977,11.6,90.3,78.7,94.6,140.3,61.6,15.9,45.7,NULL
4,1,1977,12.6,97.2,84.6,100.1,141.1,56.5,15.5,41,NULL
5,1,1977,12.3,101.3,89,105.7,145.9,56.9,16.7,40.2,NULL
6,1,1977,11.2,97.2,86,103.3,144.8,58.8,17.3,41.5,NULL
7,1,1977,11.1,98.6,87.5,104.4,145.9,58.4,16.9,41.5,NULL
8,1,1977,11.1,96.1,85,102.5,146.9,61.9,17.5,44.4,NULL
9,1,1977,11,97.2,86.2,103.4,146.7,60.5,17.2,43.3,NULL
10,1,1977,11,101.8,90.8,108.4,149.4,58.6,17.6,41,NULL
11,1,1977,11.3,101,89.7,108.1,149.9,60.2,18.4,41.8,NULL
12,1,1977,11.4,104,92.6,111.8,153.1,60.5,19.2,41.3,NULL
1,1,1978,11.8,104.7,92.9,112.4,156.8,63.9,19.5,44.4,NULL
2,1,1978,11.9,108.5,96.6,116.5,159,62.4,19.9,42.5,NULL
3,1,1978,12.6,118.1,105.5,122.7,164.2,58.7,17.2,41.5,NULL
4,1,1978,13,127.5,114.5,133.2,173,58.5,18.7,39.8,NULL
5,1,1978,13.7,139.2,125.5,144.8,182.7,57.2,19.3,37.9,NULL
6,1,1978,14.1,134.6,120.5,141.3,191.9,71.4,20.8,50.6,NULL
7,1,1978,14.4,131.8,117.4,138,188.3,70.9,20.6,50.3,NULL
8,1,1978,15.6,125.8,110.2,130.5,186.1,75.9,20.3,55.6,NULL
9,1,1978,16.7,130.4,113.7,134.1,184.2,70.5,20.4,50.1,NULL
10,1,1978,16.8,130.2,113.4,133.7,184.4,71,20.3,50.7,NULL
11,1,1978,16.4,128.3,111.9,131.2,184.6,72.7,19.3,53.4,NULL
12,1,1978,16.2,134.4,118.2,138.4,190.3,72.1,20.2,51.9,NULL
1,1,1979,16.9,145.7,128.8,152.5,201.4,72.6,23.7,48.9,NULL
2,1,1979,19,156.8,137.8,159.6,211.6,73.8,21.8,52,NULL
3,1,1979,24.9,172.7,147.8,170.2,222.1,74.3,22.4,51.9,NULL
4,1,1979,26.7,181.4,154.7,176.6,228.8,74.1,21.9,52.2,NULL
5,1,1979,27,178.6,151.6,176.6,236.1,84.5,25,59.5,NULL
6,1,1979,24.1,166,141.9,167.8,229.6,87.7,25.9,61.8,NULL
7,1,1979,22.7,161.2,138.5,162.9,228.3,89.8,24.4,65.4,NULL
8,1,1979,21,151.4,130.4,154,217.1,86.7,23.6,63.1,NULL
9,1,1979,20.6,163.6,143,167.1,222.7,79.7,24.1,55.6,NULL
10,1,1979,19.6,157.3,137.7,160.6,220.5,82.8,22.9,59.9,NULL
11,1,1979,19,161.6,142.6,169.3,222.4,79.8,26.7,53.1,NULL
12,1,1979,18.8,163.9,145.1,171.4,228.6,83.5,26.3,57.2,NULL
1,1,1980,18.1,158.3,140.2,167.5,230.5,90.3,27.3,63,NULL
2,1,1980,16.7,162.4,145.7,170.2,230.8,85.1,24.5,60.6,NULL
3,1,1980,14.9,160.6,145.7,169.4,232.2,86.5,23.7,62.8,NULL
4,1,1980,14,152.8,138.8,163.2,229.3,90.5,24.4,66.1,NULL
5,1,1980,13,156.2,143.2,167.6,226.5,83.3,24.4,58.9,NULL
6,1,1980,14,160.7,146.7,172.2,226.7,80,25.5,54.5,NULL
7,1,1980,16.6,170.8,154.2,179.7,233.8,79.6,25.5,54.1,NULL
8,1,1980,18.5,174.5,156,182.1,238.1,82.1,26.1,56,NULL
9,1,1980,17.3,168,150.7,176.3,240.7,90,25.6,64.4,NULL
10,1,1980,17.3,163.2,145.9,172.4,237.5,91.6,26.5,65.1,NULL
11,1,1980,18.1,158,139.9,166.8,238.2,98.3,26.9,71.4,NULL
12,1,1980,16.8,157.4,140.6,165.5,238.8,98.2,24.9,73.3,NULL
1,1,1981,15.8,154.5,138.7,165.7,235.4,96.7,27,69.7,NULL
2,1,1981,14.7,149.2,134.5,159.2,233.5,99,24.7,74.3,NULL
3,1,1981,15.5,146.7,131.2,155.5,231.6,100.4,24.3,76.1,NULL
4,1,1981,16.4,155,138.6,161.5,227,88.4,22.9,65.5,NULL
5,1,1981,16,162.3,146.3,170.8,230.3,84,24.5,59.5,NULL
6,1,1981,15.4,165.2,149.8,174.4,234.8,85,24.6,60.4,NULL
7,1,1981,15.6,164.2,148.6,176,238.8,90.2,27.4,62.8,NULL
8,1,1981,15.6,159.1,143.5,169.7,238.6,95.1,26.2,68.9,NULL
9,1,1981,15.6,159.1,143.5,169.4,239.7,96.2,25.9,70.3,NULL
10,1,1981,15.1,149.2,134.1,158.8,237.4,103.3,24.7,78.6,NULL
11,1,1981,14.6,146.6,132,156.5,234.9,102.9,24.5,78.4,NULL
12,1,1981,14.1,143.3,129.2,155.2,234,104.8,26,78.8,NULL
1,1,1982,13.9,146.3,132.4,159.8,232.9,100.5,27.4,73.1,NULL
2,1,1982,13.9,154.3,140.4,165.2,234,93.6,24.8,68.8,NULL
3,1,1982,14.5,160,145.5,170.2,233,87.5,24.7,62.8,NULL
4,1,1982,15.1,167.5,152.4,178.6,236.3,83.9,26.2,57.7,NULL
5,1,1982,15.6,176,160.4,187.1,242.3,81.9,26.7,55.2,NULL
6,1,1982,15.1,170.1,155,181,250.3,95.3,26,69.3,NULL
7,1,1982,15,159,144,168,247.5,103.5,24,79.5,NULL
8,1,1982,15,157,142,165.4,242.7,100.7,23.4,77.3,NULL
9,1,1982,14.4,147.6,133.2,157.4,241.9,108.7,24.2,84.5,NULL
10,1,1982,13.8,143.1,129.3,153,234.6,105.3,23.7,81.6,NULL
11,1,1982,13.4,142.6,129.2,152.7,233.1,103.9,23.5,80.4,NULL
12,1,1982,12.7,142.5,129.8,152.7,231.7,101.9,22.9,79,NULL
1,1,1983,12.7,144.7,132,154.7,232.9,100.9,22.7,78.2,NULL
2,1,1983,12.9,148.9,136,158.5,234.6,98.6,22.5,76.1,NULL
3,1,1983,13.4,156.1,142.7,165.5,234.1,91.4,22.8,68.6,NULL
4,1,1983,15,166.6,151.6,176.5,240.3,88.7,24.9,63.8,NULL
5,1,1983,15,163.4,148.4,171.6,242.5,94.1,23.2,70.9,NULL
6,1,1983,14.7,158.6,143.9,167.4,240,96.1,23.5,72.6,NULL
7,1,1983,15.1,151.4,136.3,160.2,237.9,101.6,23.9,77.7,NULL
8,1,1983,16.6,147.8,131.2,154.6,234.5,103.3,23.4,79.9,NULL
9,1,1983,15.9,141.9,126,149.8,230.7,104.7,23.8,80.9,NULL
10,1,1983,15.6,143.2,127.6,149.5,227.9,100.3,21.9,78.4,NULL
11,1,1983,16.4,143.7,127.3,149.7,227.2,99.9,22.4,77.5,NULL
12,1,1983,16.3,155.4,139.1,163.3,226.4,87.3,24.2,63.1,NULL
1,1,1984,17.3,164.1,146.8,171.6,235.2,88.4,24.8,63.6,NULL
2,1,1984,17.6,162.8,145.2,167.5,239.8,94.6,22.3,72.3,NULL
3,1,1984,17.8,166.7,148.9,170.7,240.4,91.5,21.8,69.7,NULL
4,1,1984,18.6,164.9,146.3,168.3,240.6,94.3,22,72.3,NULL
5,1,1984,20,158.6,138.6,161.7,237.8,99.2,23.1,76.1,NULL
6,1,1984,18.4,155.9,137.5,159,235.6,98.1,21.5,76.6,NULL
7,1,1984,17.7,159.3,141.6,163.5,232.3,90.7,21.9,68.8,NULL
8,1,1984,18,155.8,137.8,158.5,233.1,95.3,20.7,74.6,NULL
9,1,1984,18,150.4,132.4,153.4,231.2,98.8,21,77.8,NULL
10,1,1984,17.4,148.3,130.9,150.4,230.9,100,19.5,80.5,NULL
11,1,1984,16.6,157.1,140.5,161.3,232.6,92.1,20.8,71.3,NULL
12,1,1984,16.2,159.4,143.2,164.6,236.2,93,21.4,71.6,NULL
1,1,1985,15.5,155.9,140.4,161.8,235.6,95.2,21.4,73.8,NULL
2,1,1985,15,152.8,137.8,158.9,234.6,96.8,21.1,75.7,NULL
3,1,1985,14.3,144.6,130.3,150.8,234.5,104.2,20.5,83.7,NULL
4,1,1985,15.2,142.8,127.6,146.3,232.8,105.2,18.7,86.5,NULL
5,1,1985,14.6,140.6,126,146.4,230.4,104.4,20.4,84,NULL
6,1,1985,13.6,137.1,123.5,144.5,228.1,104.6,21,83.6,NULL
7,1,1985,13.7,128.3,114.6,135,226.7,112.1,20.4,91.7,NULL
8,1,1985,14.1,126.7,112.6,131.9,221.7,109.1,19.3,89.8,NULL
9,1,1985,13.9,125.6,111.7,133.7,219.8,108.1,22,86.1,NULL
10,1,1985,14.9,143.1,128.2,149.7,220.4,92.2,21.5,70.7,NULL
11,1,1985,16.2,155,138.8,163.8,226,87.2,25,62.2,NULL
12,1,1985,15.9,154,138.1,162.6,232.9,94.8,24.5,70.3,NULL
1,1,1986,15.5,144.5,129,152.6,232.9,103.9,23.6,80.3,NULL
2,1,1986,14.9,136.5,121.6,143.1,228.5,106.9,21.5,85.4,NULL
3,1,1986,14.5,134.9,120.4,141,226.4,106,20.6,85.4,NULL
4,1,1986,14.4,131.2,116.8,137.8,223.1,106.3,21,85.3,NULL
5,1,1986,14.7,135.7,121,142.8,222.9,101.9,21.8,80.1,NULL
6,1,1986,14.3,128.2,113.9,138.4,222.7,108.8,24.5,84.3,NULL
7,1,1986,15.4,140.9,125.5,146.9,223.5,98,21.4,76.6,NULL
8,1,1986,14.8,143.6,128.8,149.3,226.3,97.5,20.5,77,NULL
9,1,1986,14.5,144.1,129.6,149.5,227.1,97.5,19.9,77.6,NULL
10,1,1986,15.4,144.9,129.5,150.9,227.3,97.8,21.4,76.4,NULL
11,1,1986,15.7,150.5,134.8,156,229.8,95,21.2,73.8,NULL
12,1,1986,16.2,145.2,129,150.1,230.8,101.8,21.1,80.7,NULL
1,1,1987,16.4,142.8,126.4,147.5,232.6,106.2,21.1,85.1,NULL
2,1,1987,17.1,149.5,132.4,151.4,229.6,97.2,19,78.2,NULL
3,1,1987,17.3,151.4,134.1,153.6,229.6,95.5,19.5,76,NULL
4,1,1987,18.9,163.4,144.5,166.1,232.8,88.3,21.6,66.7,NULL
5,1,1987,19.7,171.4,151.7,176,239.3,87.6,24.3,63.3,NULL
6,1,1987,19.2,168.7,149.5,173.5,245.2,95.7,24,71.7,NULL
7,1,1987,19.1,159,139.9,163.8,244,104.1,23.9,80.2,213.9
8,1,1987,19.4,156.5,137.1,157,241.2,104.1,19.9,84.2,213.1
9,1,1987,19.6,158,138.4,159.5,241.3,102.9,21.1,81.8,214.5
10,1,1987,20,157.9,137.9,159.2,241.5,103.6,21.3,82.3,217.7
11,1,1987,20,156.9,136.9,156.8,242.4,105.5,19.9,85.6,218.6
12,1,1987,20.5,156,135.5,155.4,241.1,105.6,19.9,85.7,218.5
1,1,1988,21.3,158.8,137.5,159.3,238.8,101.3,21.8,79.5,212.5
2,1,1988,21.9,166,144.1,163.3,242.1,98,19.2,78.8,215.8
3,1,1988,23.5,173.1,149.6,169.6,244.3,94.7,20,74.7,218.3
4,1,1988,23.3,176.7,153.4,172.6,245.9,92.5,19.2,73.3,221.2
5,1,1988,22.4,181.9,159.5,183,248.9,89.4,23.5,65.9,222.9
6,1,1988,21.1,170.1,149,174.2,255.5,106.5,25.2,81.3,227.1
7,1,1988,21.1,159.9,138.8,159.2,254.9,116.1,20.4,95.7,229
8,1,1988,21.5,165.3,143.8,165.7,253.4,109.6,21.9,87.7,227.1
9,1,1988,19.7,166.3,146.6,169.1,255.3,108.7,22.5,86.2,228
10,1,1988,19.5,169.1,149.6,171.1,253.4,103.8,21.5,82.3,231.1
11,1,1988,19.1,171.4,152.3,171.8,256,103.7,19.5,84.2,231.8
12,1,1988,18.9,173.7,154.8,174.1,255.6,100.8,19.3,81.5,233
1,1,1989,18.8,175.4,156.6,175.2,259.2,102.6,18.6,84,239.6
2,1,1989,19.3,177.7,158.4,176.3,258.2,99.8,17.9,81.9,244.1
3,1,1989,21.1,185.7,164.6,180.5,264.7,100.1,15.9,84.2,245.8
4,1,1989,19.8,184.8,165,182.7,265.3,100.3,17.7,82.6,247
5,1,1989,19.1,180.9,161.8,182.3,266.7,104.9,20.5,84.4,244.9
6,1,1989,19.1,172.8,153.7,176.3,268.9,115.2,22.6,92.6,245.7
7,1,1989,19.9,171.1,151.2,174.2,269.7,118.5,23,95.5,249.5
8,1,1989,20.2,175.9,155.7,173.7,268.2,112.5,18,94.5,247.9
9,1,1989,20,166.8,146.8,169.6,266.2,119.4,22.8,96.6,249.8
10,1,1989,20.7,172.8,152.1,169.5,265,112.9,17.4,95.5,243.5
11,1,1989,21,180.8,159.8,177.1,266.4,106.6,17.3,89.3,246.4
12,1,1989,21.7,186.6,164.9,183.8,269.4,104.5,18.9,85.6,250
1,1,1990,21.8,189.4,167.6,187.1,274.4,106.8,19.5,87.3,252.4
2,1,1990,21.5,188.7,167.2,186,271,103.8,18.8,85,259.1
3,1,1990,21.1,190.4,169.3,187.7,272.5,103.2,18.4,84.8,257.3
4,1,1990,21.2,192,170.8,190.1,277.9,107.1,19.3,87.8,261.4
5,1,1990,20.7,187.9,167.2,191.6,283.6,116.4,24.4,92,259.2
6,1,1990,20.4,184.2,163.8,187,282.1,118.3,23.2,95.1,263.5
7,1,1990,20.1,180.6,160.5,182.4,279.9,119.4,21.9,97.5,263.5
8,1,1990,19.9,186.6,166.7,187.1,280.6,113.9,20.4,93.5,261.8
9,1,1990,20.1,186.8,166.7,186.6,280.6,113.9,19.9,94,266.3
10,1,1990,19.8,190.8,171,192.2,282.7,111.7,21.2,90.5,263.2
11,1,1990,19.8,194.5,174.7,197.6,291.6,116.9,22.9,94,268.1
12,1,1990,20.1,194.8,174.7,199.4,295.3,120.6,24.7,95.9,274.1
1,1,1991,20.5,190.7,170.2,192.6,294.9,124.7,22.4,102.3,270.2
2,1,1991,19.8,190.9,171.1,189.6,292.5,121.4,18.5,102.9,275
3,1,1991,19.2,194.7,175.5,193.4,295.4,119.9,17.9,102,273.3
4,1,1991,19,194.3,175.3,194.1,297.1,121.8,18.8,103,273.7
5,1,1991,18.3,188.3,170,190.9,296.1,126.1,20.9,105.2,273.4
6,1,1991,17.9,178.8,160.9,186.1,292.4,131.5,25.2,106.3,274.8
7,1,1991,17.2,173.4,156.2,178.8,288.4,132.2,22.6,109.6,271.6
8,1,1991,16.3,161.4,145.1,172.2,285.4,140.3,27.1,113.2,270.9
9,1,1991,16.5,163.3,146.8,170.8,280.1,133.3,24,109.3,267.5
10,1,1991,17.1,166.9,149.8,174.5,277.2,127.4,24.7,102.7,265.8
11,1,1991,18,170.5,152.5,175.1,281,128.5,22.6,105.9,269.1
12,1,1991,18.1,167.3,149.2,171.8,279.4,130.2,22.6,107.6,267.4
1,1,1992,18.3,173.5,155.2,176.6,278.7,123.5,21.4,102.1,266.8
2,1,1992,18.4,184.1,165.7,184.6,282.5,116.8,18.9,97.9,266.9
3,1,1992,18.6,187.1,168.5,183.3,285.6,117.1,14.8,102.3,268.8
4,1,1992,18.5,186.8,168.3,182.6,287.6,119.3,14.3,105,269.1
5,1,1992,18.6,182.7,164.1,183.4,285.8,121.7,19.3,102.4,267.9
6,1,1992,18.1,177.5,159.4,180.8,287.1,127.7,21.4,106.3,265.3
7,1,1992,18.7,175.6,156.9,173.6,283.8,126.9,16.7,110.2,263.7
8,1,1992,18.7,177.7,159,175.8,280.1,121.1,16.8,104.3,264
9,1,1992,19.5,179.1,159.6,175.9,284.1,124.5,16.3,108.2,264.9
10,1,1992,20,180.1,160.1,177.5,285.6,125.5,17.4,108.1,266.9
11,1,1992,20.6,180.1,159.5,177.1,287.1,127.6,17.6,110,266.8
12,1,1992,20.9,186,165.1,184.2,287.3,122.2,19.1,103.1,265.9
1,1,1993,20.7,190.9,170.2,188.5,288.4,118.2,18.3,99.9,269.2
2,1,1993,20,192.7,172.7,187.8,292.5,119.8,15.1,104.7,268.9
3,1,1993,20,198.7,178.7,191.7,295.5,116.8,13,103.8,266.9
4,1,1993,19.8,197,177.2,193.5,299.1,121.9,16.3,105.6,273
5,1,1993,19.1,194.6,175.5,195.3,304.2,128.7,19.8,108.9,277.3
6,1,1993,18.8,184.6,165.8,185.2,297.9,132.1,19.4,112.7,274.2
7,1,1993,19.3,176.9,157.6,175.9,296.7,139.1,18.3,120.8,274
8,1,1993,19.4,179.5,160.1,179.4,290.9,130.8,19.3,111.5,272.2
9,1,1993,19.2,175.4,156.2,176.3,288.4,132.2,20.1,112.1,268.1
10,1,1993,19.3,170.3,151,171.6,288.5,137.5,20.6,116.9,270.9
11,1,1993,19.3,171.4,152.1,174.2,291,138.9,22.1,116.8,270.1
12,1,1993,19.5,171.8,152.3,170.6,288.2,135.9,18.3,117.6,272.7
1,1,1994,19.2,173.6,154.4,172.4,286.8,132.4,18,114.4,270.4
2,1,1994,19.2,174.7,155.5,172.7,284.9,129.4,17.2,112.2,268.9
3,1,1994,19.6,180.2,160.6,176.9,288.3,127.7,16.3,111.4,267.7
4,1,1994,19.9,180.7,160.8,176.8,287.1,126.3,16,110.3,269.9
5,1,1994,19,164.8,145.8,167.6,288.1,142.3,21.8,120.5,271.5
6,1,1994,19,152.9,133.9,158.5,283.3,149.4,24.6,124.8,265
7,1,1994,19.5,156.7,137.2,160.4,280.1,142.9,23.2,119.7,262.2
8,1,1994,20,160.8,140.8,166.6,278.4,137.6,25.8,111.8,261.7
9,1,1994,21.4,158.2,136.8,162,280,143.2,25.2,118,262.1
10,1,1994,21.9,158.7,136.8,159.2,277.9,141.1,22.4,118.7,263.5
11,1,1994,22.8,164.5,141.7,163.8,280.2,138.5,22.1,116.4,257
12,1,1994,23.7,165.7,142,164.3,279.4,137.4,22.3,115.1,260.4
1,1,1995,23.7,173.7,150,171.7,282.6,132.6,21.7,110.9,261.8
2,1,1995,23.3,174.6,151.3,170.4,284.3,133,19.1,113.9,261.7
3,1,1995,23.2,169.5,146.3,165.7,284.7,138.4,19.4,119,265.3
4,1,1995,22.8,162.2,139.4,158.5,283.7,144.3,19.1,125.2,260.1
5,1,1995,21.1,154,132.9,160.4,282.2,149.3,27.5,121.8,261.5
6,1,1995,20.1,154.2,134.1,165.6,283.4,149.3,31.5,117.8,257.5
7,1,1995,19.9,149,129.1,158.5,287.4,158.3,29.4,128.9,258.1
8,1,1995,19.9,149.5,129.6,157.8,284.4,154.8,28.2,126.6,256.4
9,1,1995,19.3,152.7,133.4,162.6,283.5,150.1,29.2,120.9,254.8
10,1,1995,19.4,153.7,134.3,165.5,285.3,151,31.2,119.8,257.2
11,1,1995,20.7,162.1,141.4,167,286.4,145,25.6,119.4,258.7
12,1,1995,20.4,158.9,138.5,162.8,284.1,145.6,24.3,121.3,260
1,1,1996,20,153.4,133.4,156.2,281.5,148.1,22.8,125.3,257.7
2,1,1996,19.7,150.8,131.1,152.2,278.8,147.7,21.1,126.6,257.6
3,1,1996,19.8,149.8,130,148.4,275.8,145.8,18.4,127.4,256.2
4,1,1996,19.6,144.1,124.5,147.9,279.3,154.8,23.4,131.4,254
5,1,1996,19.9,142.7,122.8,149,276.6,153.8,26.2,127.6,249.2
6,1,1996,19.9,147.8,127.9,154.6,276.3,148.4,26.7,121.7,248.3
7,1,1996,22,153.6,131.6,155.6,277.6,146,24,122,247.5
8,1,1996,23.6,160.8,137.2,159.9,281.1,143.9,22.7,121.2,250.6
9,1,1996,25.3,169,143.7,161.8,280.7,137,18.1,118.9,250.6
10,1,1996,23.9,170.4,146.5,167,281.9,135.4,20.5,114.9,250.2
11,1,1996,22.1,173.2,151.1,180,285.9,134.8,28.9,105.9,251.2
12,1,1996,22.9,161.6,138.7,165.3,287.3,148.6,26.6,122,256.3
1,1,1997,23.7,157.9,134.2,155.9,281.7,147.5,21.7,125.8,256.1
2,1,1997,23.9,156.8,132.9,151.5,278.6,145.7,18.6,127.1,254.8
3,1,1997,24,164,140,160.5,276.1,136.1,20.5,115.6,254.5
4,1,1997,23.3,164.2,140.9,159.8,279,138.1,18.9,119.2,253
5,1,1997,21.7,162.4,140.7,162.5,280.3,139.6,21.8,117.8,253
6,1,1997,20.7,153.9,133.2,156.1,277.6,144.4,22.9,121.5,251.7
7,1,1997,20.2,154.9,134.7,157.1,279.2,144.5,22.4,122.1,251.1
8,1,1997,20.4,158.4,138,161.2,281,143,23.2,119.8,254.6
9,1,1997,21.4,159.2,137.8,159.4,283,145.2,21.6,123.6,254.3
10,1,1997,22.2,160.4,138.2,158.7,279,140.8,20.5,120.3,254
11,1,1997,22,161.5,139.5,160.2,278,138.5,20.7,117.8,253.4
12,1,1997,20.9,157.4,136.5,155.6,280.9,144.4,19.1,125.3,254.8
1,1,1998,17.4,153.2,135.8,154.2,275.3,139.5,18.4,121.1,253.2
2,1,1998,17.7,145.7,128,148.5,272,144,20.5,123.5,252.7
3,1,1998,19.2,149.1,129.9,147,273.1,143.2,17.1,126.1,256.3
4,1,1998,18.7,155.1,136.4,151.6,278.2,141.8,15.2,126.6,255.4
5,1,1998,18.7,155.8,137.1,157,277.4,140.3,19.9,120.4,254.5
6,1,1998,18,152.8,134.8,154.5,278.7,143.9,19.7,124.2,251.7
7,1,1998,16.3,144.9,128.6,154,278.5,149.9,25.4,124.5,251.9
8,1,1998,15.9,142,126.1,160.6,279.4,153.3,34.5,118.8,255.1
9,1,1998,15.4,140,124.6,153.2,274.2,149.6,28.6,121,250
10,1,1998,15.9,146.8,130.9,156.4,275,144.1,25.5,118.6,251.9
11,1,1998,16.2,147.7,131.5,158.1,280,148.5,26.6,121.9,252.9
12,1,1998,16.7,142.2,125.5,150.4,283.6,158.1,24.9,133.2,254.1
1,1,1999,15.9,146,130.1,156.3,279.1,149,26.2,122.8,256.5
2,1,1999,15.7,148.5,132.8,153.7,278,145.2,20.9,124.3,258
3,1,1999,15.4,155.3,139.9,160.3,276.9,137,20.4,116.6,258.3
4,1,1999,15.2,156.3,141.1,166.1,283.9,142.8,25,117.8,259
5,1,1999,14.6,154.2,139.6,171.3,283.2,143.6,31.7,111.9,257.2
6,1,1999,14.5,156.6,142.1,178.1,287.2,145.1,36,109.1,260
7,1,1999,15.4,154,138.6,171.5,289.3,150.7,32.9,117.8,259.8
8,1,1999,15.7,156.1,140.4,175.8,289,148.6,35.4,113.2,258.1
9,1,1999,16.8,157.7,140.9,177.3,289.4,148.5,36.4,112.1,260.5
10,1,1999,17.5,165.9,148.4,183.1,295.4,147,34.7,112.3,269.7
11,1,1999,18.1,167.8,149.7,180.5,300,150.3,30.8,119.5,263.7
12,1,1999,18.2,166.1,147.9,181.8,301.8,153.8,33.9,119.9,265.4
1,1,2000,17.5,163.5,146,177.5,294.7,148.7,31.5,117.2,265.7
2,1,2000,17.1,163.6,146.5,174.5,293.6,147.1,28,119.2,270.1
3,1,2000,17.2,171.4,154.2,183.3,297.9,143.7,29.1,114.6,270.8
4,1,2000,17.3,176.2,158.9,191,305.4,146.5,32.1,114.4,272.5
5,1,2000,16.8,170.1,153.2,193.8,308.8,155.5,40.6,115,274.3
6,1,2000,16.4,165.7,149.2,190.7,311.5,162.3,41.5,120.8,278.6
7,1,2000,17.3,162,144.7,179.6,310,165.3,34.9,130.4,279.5
8,1,2000,17.9,156.4,138.5,172.6,309.9,171.5,34.1,137.3,280.2
9,1,2000,19.3,155.8,136.6,168.6,313,176.5,32,144.4,280.9
10,1,2000,19.7,163.3,143.6,174.4,311.8,168.2,30.8,137.4,280.6
11,1,2000,19.9,172.3,152.4,182.8,310.3,157.8,30.3,127.5,279.6
12,1,2000,20.4,183.8,163.5,197.6,310.1,146.6,34.1,112.5,280.4
1,1,2024,20.5,188.2,167.7,202.5,321.4,153.7,34.8,118.9,291.1
2,1,2024,19.8,190.8,171,201.5,334.2,163.2,30.5,132.7,296.2
3,1,2024,20.7,190.7,170,202.7,334.3,164.3,32.7,131.6,298.5
4,1,2024,22.1,186.9,164.8,201.7,343.2,178.4,36.9,141.5,299.4
5,1,2024,20.4,180.1,159.7,204.3,343.8,184.1,44.6,139.5,301.4
6,1,2024,19.7,177.4,157.7,198.3,347.6,189.9,40.6,149.3,304.7
7,1,2024,19.4,170,150.7,185.9,345.4,194.7,35.3,159.5,302.9
8,1,2024,18.7,167.4,148.7,188.1,339.3,190.6,39.4,151.2,301.7
9,1,2024,17.6,164.5,146.9,186.6,337.6,190.8,39.8,151,301.2
10,1,2024,17.2,159.5,142.3,180.4,338,195.7,38.1,157.6,303.1
11,1,2024,16.4,152.7,136.3,174.3,337.6,201.3,38,163.4,303.5
12,1,2024,15.6,153.4,137.8,177.3,330.3,192.5,39.5,153,303.3
1,2,2024,15.5,160.9,145.4,175.2,330.8,185.4,29.8,155.5,305.1
2,2,2024,15.9,171,155.1,188.2,330.5,175.4,33.1,142.3,307.9
3,2,2024,17.3,172.9,155.6,188.6,329.8,174.2,33,141.1,306.3
4,2,2024,16.3,161.9,145.6,182.8,333.5,187.9,37.2,150.7,306.5
5,2,2024,16,157.4,141.4,180.7,333.5,192.1,39.3,152.8,309
6,2,2024,16.9,155.5,138.6,178.7,330,191.4,40.1,151.3,302
7,2,2024,16.6,152,135.4,172.4,328.9,193.5,37,156.4,301.9
8,2,2024,16.9,151.8,134.9,174,334.5,199.6,39.1,160.5,304.2
9,2,2024,17.8,157.1,139.2,175.4,329.4,190.1,36.1,154,299.9
10,2,2024,17.8,157.3,139.5,175.2,325.8,186.3,35.7,150.6,306.5
11,2,2024,18.1,168.5,150.4,182.2,334,183.6,31.8,151.9,305.6
12,2,2024,18.3,174.9,156.6,191.1,337.8,181.2,34.5,146.7,307.4
1,3,2024,18.9,187.1,168.3,200.4,339.7,171.5,32.1,139.4,308.6
2,3,2024,19.5,192.4,172.9,200.8,348,175,27.9,147.1,315.7
3,3,2024,19.3,185.8,166.4,197.1,356.8,190.3,30.7,159.7,319.5
4,3,2024,18.9,189.9,171,207.2,364.8,193.8,36.3,157.6,318.5
5,3,2024,17.3,189.7,172.4,219.9,361.4,189,47.5,141.5,317.5
6,3,2024,16.8,183.6,166.8,219.4,365.6,198.8,52.6,146.1,326.6
7,3,2024,18.3,181.9,163.7,202.8,365.4,201.7,39.2,162.5,328.9
8,3,2024,19.1,192.5,173.4,217.6,373.5,200.1,44.2,155.9,330.4
9,3,2024,19.7,210.9,191.2,242.6,370.9,179.7,51.4,128.3,334.1
10,3,2024,21.5,237.5,216,271.5,393.3,177.3,55.5,121.8,340
11,3,2024,24.4,241.6,217.2,257.4,431.7,214.5,40.2,174.3,362.5
12,3,2024,24.6,220.7,196.1,237,424.3,228.2,40.9,187.3,370.2
1,4,2024,21,193.1,172.1,212.8,400.5,228.5,40.8,187.7,361.3
2,4,2024,19.9,189.3,169.4,198.5,398.9,229.5,29.1,200.4,360.3
3,4,2024,20.3,205.6,185.3,218.2,397.1,211.8,32.9,178.8,355.2
4,4,2024,18.4,206,187.6,244.1,405.7,218.1,56.5,161.5,354.3
5,4,2024,18.4,210.3,192,241.3,405.5,213.5,49.3,164.2,362.5
6,4,2024,19.9,213.8,194,229.6,417.3,223.3,35.6,187.7,368.7
7,4,2024,20.8,203.1,182.3,216.3,417.9,235.6,34,201.6,368.5
8,4,2024,20,202.1,182.1,213.9,411.3,229.2,31.8,197.4,363.6
9,4,2024,19.9,198.4,178.5,207.5,408.2,229.7,28.9,200.8,361.9
10,4,2024,19,204,184.9,212.7,402.1,217.1,27.8,189.3,360
11,4,2024,20.1,207,186.9,208.5,405.7,218.8,21.6,197.2,360.3
12,4,2024,19.6,209.8,190.2,222.9,408.1,217.8,32.6,185.2,357.8
1,5,2024,18.9,215.1,196.2,231.4,408.5,212.3,35.3,177,359.6
2,5,2024,19.3,212.9,193.7,222.4,412.8,219.1,28.7,190.4,367.4
3,5,2024,19.6,218.4,198.8,233.6,421.4,222.6,34.8,187.8,375.6
4,5,2024,19.7,221,201.3,243.4,425.5,224.2,42.2,182.1,369.5
5,5,2024,19,214.4,195.3,242.9,426.1,230.8,47.5,183.2,373.2
6,5,2024,19.9,202.2,182.3,217.5,418.4,236.1,35.1,201,370.1
7,5,2024,19.4,193.1,173.7,204.5,399.3,225.7,30.8,194.8,360.1
8,5,2024,19.1,194,174.9,207.1,399.2,224.3,32.2,192.1,360.3
9,5,2024,19.9,204.1,184.2,214.7,392.4,208.2,30.5,177.7,357.5
10,5,2024,19.6,211.5,191.9,224.3,397.6,205.7,32.4,173.3,353.9
11,5,2024,19.8,217.7,197.8,231,401.9,204,33.1,170.9,361.2
12,5,2024,19.8,231.6,211.8,244.2,406,194.2,32.4,161.8,364.5
1,6,2024,19.8,227,207.1,241.3,406.9,199.8,34.2,165.6,364.7
2,6,2024,19.3,215.6,196.3,232.4,405.9,209.6,36.1,173.5,361.8
3,6,2024,18.6,206.5,187.8,226.4,401.1,213.3,38.6,174.7,367.1
4,6,2024,17.6,196.5,178.9,220.8,402,223.1,41.9,181.3,361.3
5,6,2024,16.6,189.7,173.2,229.3,395.1,221.9,56.1,165.8,359.1
6,6,2024,17.1,198,180.9,237.8,392.1,211.3,56.9,154.3,360.8
7,6,2024,17.9,195,177.1,228.4,387.8,210.7,51.3,159.4,353.6
8,6,2024,19.1,203.4,184.3,227.2,397.6,213.3,42.9,170.4,361.3
9,6,2024,20.6,216.7,196,224.9,392.6,196.6,28.9,167.7,357.9
10,6,2024,20.6,213.1,192.6,225,394.7,202.1,32.4,169.7,362.3
11,6,2024,21.4,209.4,188,222.9,396.3,208.3,34.9,173.4,364.9
12,6,2024,21.8,207.1,185.3,221.6,392.1,206.8,36.4,170.4,361.7
1,7,2024,22,209.6,187.6,230.9,394,206.4,43.4,163,363.4
2,7,2024,22.9,215.9,193,231.5,405,212,38.6,173.4,369.6
3,7,2024,23.7,231.7,208,246,418.4,210.4,38.1,172.4,372
4,7,2024,24,234.4,210.4,251.9,428.5,218.1,41.5,176.6,376.7
5,7,2024,24.7,231.1,206.4,246.9,429.7,223.3,40.5,182.8,381.1
6,7,2024,25.5,214.9,189.5,224.4,421.5,232,34.9,197.1,380.5
7,7,2024,25.5,216.3,190.7,218.1,414.3,223.5,27.3,196.2,379.1
8,7,2024,25.2,221.4,196.1,222.9,415.9,219.8,26.7,193,382.1
9,7,2024,25.9,227,201.1,226.6,422.7,221.6,25.5,196.1,384.5
10,7,2024,26.1,222.4,196.3,222,413,216.7,25.7,191,377.3
11,7,2024,26.8,225,198.2,223.6,415.9,217.7,25.5,192.3,383.5
12,7,2024,25.4,222.3,196.9,228.1,411.3,214.4,31.2,183.2,379.3
1,8,2024,26.3,220.9,194.6,224.8,410,215.4,30.2,185.3,382.5
2,8,2024,27.6,219.8,192.2,228.8,418.6,226.4,36.6,189.8,387.7
3,8,2024,28.2,214.6,186.4,220.7,420.5,234.1,34.3,199.8,390.9
4,8,2024,26.9,214.1,187.2,225.9,417.2,230,38.8,191.3,383.9
5,8,2024,26.6,225.5,198.9,239.3,424.1,225.2,40.4,184.8,390.2
6,8,2024,28.3,229.4,201.1,243.1,429.6,228.4,42,186.5,393.5
7,8,2024,29.5,236.6,207.1,255.2,434,226.9,48.1,178.8,399.1
8,8,2024,29.5,237.5,208,248.3,452.6,244.6,40.3,204.3,409
9,8,2024,29.5,236.7,207.2,244.3,450.9,243.7,37.2,206.5,411.2
10,8,2024,26.1,220.2,194.1,228.5,451.1,257,34.4,222.6,410.9
11,8,2024,20.2,218.3,198,237.5,443.3,245.2,39.5,205.7,401.2
12,8,2024,15.7,204.2,188.5,224.1,437.5,249,35.6,213.4,400
1,9,2024,16.4,199.6,183.2,228.4,432.3,249,45.2,203.8,392.7
2,9,2024,17.2,196.3,179.1,211,436.8,257.6,31.9,225.8,400.8
3,9,2024,15.7,197.5,181.8,209.4,430,248.2,27.6,220.6,394.7
4,9,2024,16.1,208.1,192,223.1,427.3,235.3,31.2,204.2,393.2
5,9,2024,17.2,203.3,186.1,225.2,433.5,247.3,39,208.3,391.6
6,9,2024,19.1,196.5,177.5,215.9,427.7,250.2,38.4,211.8,389.4
7,9,2024,19.2,198.7,179.6,215.4,417.9,238.4,35.9,202.5,379
8,9,2024,22.5,198.8,176.3,218.5,421.6,245.3,42.2,203.1,382.1
9,9,2024,22.9,202.7,179.8,216.9,413.2,233.3,37.1,196.3,383.9
10,9,2024,21,203.1,182.2,212.1,414.5,232.4,29.9,202.4,385.2
11,9,2024,22.6,202.7,180.1,216.9,430.4,250.3,36.8,213.5,390.4
12,9,2024,23.1,197.2,174,213.4,428.1,254.1,39.4,214.7,388.4
1,10,2024,22.9,204,181.2,220.4,417.3,236.1,39.3,196.8,386.7
2,10,2024,24.6,215.7,191.1,221,418.6,227.5,29.9,197.6,392
3,10,2024,25.3,228,202.6,239.5,430.4,227.7,36.8,190.9,395.8
4,10,2024,25.5,236.8,211.3,257.1,443.6,232.3,45.8,186.5,402.7
5,10,2024,25.6,236.8,211.2,259.2,445.7,234.5,48,186.5,399.8
6,10,2024,27.1,235.2,208.1,240.5,447.2,239.1,32.4,206.7,406.1
7,10,2024,26,223.6,197.6,237.7,441.5,243.9,40.1,203.8,403.8
8,10,2024,26.9,231.8,204.9,240.9,435.3,230.3,35.9,194.4,401.5
9,10,2024,27.2,233.7,206.5,244.7,441.8,235.2,38.2,197.1,404.8
10,10,2024,29.6,236.9,207.4,239.5,447.8,240.4,32.1,208.3,409.8
11,10,2024,30,239.2,209.2,243.9,448.8,239.6,34.7,204.9,410.9
12,10,2024,31.4,247.9,216.6,248.5,443,226.5,32,194.5,411.6
1,11,2024,32.6,254.5,221.9,256.9,452.1,230.2,35,195.2,425.5
2,11,2024,33.7,260.6,226.9,259.1,458.3,231.4,32.2,199.2,434.8
3,11,2024,34.8,277.4,242.6,278,472.5,229.9,35.4,194.5,444
4,11,2024,36.1,287.5,251.4,286,479.4,228,34.6,193.4,444.4
5,11,2024,34.8,264.7,229.9,270.6,483.7,253.8,40.7,213.1,444.3
6,11,2024,34.5,257.2,222.7,267.4,478,255.3,44.7,210.6,443.3
7,11,2024,35.5,266.4,230.9,270.9,476.7,245.8,40,205.8,444.9
8,11,2024,35.1,272.7,237.6,275.6,486.8,249.2,37.9,211.2,448
9,11,2024,36.1,282,245.8,278.2,491.4,245.6,32.3,213.3,444.6
10,11,2024,29.6,288.8,259.2,282.4,493.3,234.1,23.2,210.9,449.6
11,11,2024,32.9,296.4,263.4,293.9,500.1,236.7,30.5,206.3,449.5
12,11,2024,32.7,290.3,257.6,290.8,501.6,244,33.1,210.9,455.3
1,12,2024,34.2,295.5,261.3,284.7,509.3,248,23.3,224.7,463
2,12,2024,35.5,301.7,266.2,290.1,504.5,238.3,23.9,214.4,463.3
3,12,2024,37.2,304.3,267.1,290.1,505.3,238.1,22.9,215.2,467.1
4,12,2024,36.4,290.9,254.5,279.3,498.6,244.1,24.8,219.4,462.3
5,12,2024,35.6,290.6,255,293,496.5,241.5,38,203.6,467.8
6,12,2024,32.8,286.3,253.6,300.4,493.2,239.6,46.8,192.8,470.7
7,12,2024,33.9,277.3,243.4,282.3,501.3,257.9,38.8,219.1,471.5
8,12,2024,35.4,288.6,253.3,284.5,494.5,241.2,31.2,209.9,470
9,12,2024,36.3,300.2,263.9,292.4,494.1,230.2,28.6,201.7,464.8
10,12,2024,34.9,301.9,267,296.3,500.4,233.3,29.3,204,475.8
11,12,2024,33.7,302.7,269,297.1,510.9,242,28.1,213.8,479.7
12,12,2024,34.2,301.2,267,296.9,507.8,240.7,29.9,210.8,476.4
1,13,2024,35.4,299.3,263.8,292,520.6,256.7,28.1,228.6,491.2
2,13,2024,37.6,300.3,262.8,280.4,517.9,255.1,17.6,237.5,490.9
3,13,2024,37.2,303.6,266.5,295.4,526.3,259.9,29,230.9,491.8
4,13,2024,38.4,305.9,267.5,291.4,522.4,254.9,23.9,231,486.3
5,13,2024,35.4,305.9,270.5,313.7,522.6,252.1,43.2,208.9,487.6
6,13,2024,36.8,301.5,264.7,304.8,527.4,262.7,40.1,222.6,491.6
7,13,2024,36.7,284.7,248,290.3,533.1,285.1,42.3,242.7,495.5
8,13,2024,35.4,288,252.6,294.2,535.1,282.5,41.6,240.8,496.5
9,13,2024,36.2,300.4,264.2,296.1,529.4,265.2,31.9,233.3,492.7
10,13,2024,35.1,309.6,274.4,309.8,535.5,261,35.3,225.7,497.2
11,13,2024,37.8,315.3,277.5,308.6,540.9,263.4,31.1,232.3,500.7
12,13,2024,39,317.3,278.2,305,536,257.8,26.7,231.1,503.7
1,14,2024,43.1,340.2,297.1,337.8,534.6,237.4,40.7,196.8,504.5
2,14,2024,40,350.4,310.4,327.7,557.5,247.1,17.3,229.9,527.1
3,14,2024,39.4,359.6,320.2,364.1,572,251.9,43.9,208,534.7
4,14,2024,41.7,353.3,311.6,348.2,587.1,275.5,36.5,239,548.2
5,14,2024,39.7,344.5,304.9,348.3,591.3,286.5,43.4,243,546.6
6,14,2024,39.5,358.5,319,360.3,591.7,272.7,41.3,231.4,550.8
7,14,2024,39.5,378.4,338.9,385.1,595.1,256.3,46.2,210,555
8,14,2024,40.5,377,336.5,388.2,624,287.5,51.7,235.8,579.9
9,14,2024,42.5,387.5,345.1,375.6,625.6,280.6,30.5,250,590.8
10,14,2024,42,395,353,377.3,624.1,271.1,24.3,246.8,593.5
11,14,2024,43.3,410.3,367,386.4,630.3,263.3,19.3,243.9,591.1
12,14,2024,41.2,391.5,350.3,377.5,631,280.7,27.3,253.4,598.2
1,15,2024,38.8,394.5,355.7,388.8,633.3,277.6,33.1,244.5,598.6
2,15,2024,37.9,383.7,345.8,368.9,627,281.2,23.1,258.1,601.7
3,15,2024,37.5,389.8,352.3,378.4,630.9,278.6,26.1,252.5,606.1
4,15,2024,34.8,387.6,352.8,393.6,640.2,287.4,40.8,246.6,603.5
5,15,2024,33.8,385.7,351.9,397.6,641.2,289.2,45.7,243.6,605.3
6,15,2024,31.8,362.8,331.1,382.4,640.6,309.6,51.4,258.2,610.5
7,15,2024,30.2,357.1,326.8,365.6,636.5,309.7,38.8,270.9,614.7
8,15,2024,30.9,358.8,327.9,369.8,632.8,305,42,263,608.3
9,15,2024,29.3,326.5,297.2,348.8,623,325.9,51.6,274.2,605.9
10,15,2024,28,320.2,292.2,325.9,623.1,330.9,33.6,297.2,603.7
11,15,2024,26.3,308,281.7,324,620.9,339.2,42.3,296.9,598.9
12,15,2024,26.2,299.3,273,309.5,597.2,324.1,36.4,287.7,587.9
1,16,2024,24.9,322.9,297.9,349.9,597.5,299.6,51.9,247.7,575.2
2,16,2024,26.5,324.1,297.6,333.7,598.6,301,36.1,264.9,578.8
3,16,2024,27.5,327.3,299.8,343.8,622.3,322.5,44.1,278.4,583.7
4,16,2024,28.4,313.8,285.4,334.4,610.5,325.1,49,276,579.2
5,16,2024,27.7,312.5,284.8,332,608.1,323.3,47.2,276.2,582.5
6,16,2024,26.4,295.3,268.9,336.3,620,351.1,67.4,283.7,584.7
7,16,2024,27,281.9,255,312,609,354,57.1,297,577.5
8,16,2024,26.9,279.8,252.9,305.4,591.5,338.6,52.5,286.2,578.9
9,16,2024,25.6,253,227.4,288.3,586.8,359.4,60.9,298.5,574.6
10,16,2024,25.6,244.1,218.5,280.2,573.7,355.2,61.7,293.5,563.2
11,16,2024,27.7,262.4,234.7,285.9,576.4,341.7,51.2,290.5,559
12,16,2024,27.4,272.4,245,299.5,562.2,317.2,54.5,262.7,552.3
1,17,2024,29.6,288.3,258.7,298.1,566.2,307.5,39.3,268.1,549.3
2,17,2024,30.4,291.7,261.2,293.5,584,322.8,32.3,290.5,552
3,17,2024,28.1,303.6,275.5,331.4,590.4,314.9,55.9,259,554.8
4,17,2024,29.5,313.8,284.3,327.5,593.3,309,43.2,265.8,556.9
5,17,2024,27,330.3,303.3,371.5,614,310.7,68.2,242.5,562.7
6,17,2024,26,316.1,290.1,373.6,620.7,330.6,83.5,247,579.9
7,17,2024,27,285.5,258.5,324.7,610,351.6,66.2,285.4,583.2
8,17,2024,25.3,266.5,241.1,304.6,597,355.9,63.4,292.5,576
9,17,2024,24.3,257.1,232.8,295.5,578.2,345.4,62.7,282.7,570.8
10,17,2024,23.9,270.9,247,304.9,575.5,328.5,57.9,270.6,562.3
11,17,2024,24.9,292.4,267.5,320.6,580.7,313.2,53.1,260.1,562.9
12,17,2024,25.6,287.2,261.7,311.7,580.3,318.6,50,268.6,564.5
1,18,2024,25.5,294,268.6,319.1,575.8,307.2,50.5,256.7,555.6
2,18,2024,25.4,306.5,281,327.5,582.8,301.7,46.5,255.2,554.9
3,18,2024,23.8,299.4,275.6,342.2,587.1,311.4,66.6,244.8,561.1
4,18,2024,22.1,288.3,266.2,335.2,606,339.9,69,270.8,575.3
5,18,2024,21.2,288.8,267.6,351.5,596.4,328.9,83.9,245,568.3
6,18,2024,19.9,262.9,243,338.7,597.8,354.8,95.7,259.1,578.8
7,18,2024,21.4,269,247.6,316.3,602,354.4,68.7,285.7,577.6
8,18,2024,20.8,266,245.2,320.7,608.2,363,75.5,287.5,579.1
9,18,2024,20.9,264.7,243.9,316.1,593.5,349.6,72.2,277.4,572.5
10,18,2024,20.9,270.9,250,319.3,584,334,69.3,264.8,567.5
11,18,2024,21.6,280.7,259.1,328.7,591.1,332,69.7,262.4,570.7
12,18,2024,21.4,286.8,265.4,327.3,583.3,317.9,61.9,256,564.2
1,19,2024,22,295.8,273.8,329.5,586,312.2,55.7,256.5,569.9
2,19,2024,22.1,299.2,277.1,333.7,590,312.9,56.6,256.3,566.9
3,19,2024,21.7,305.4,283.8,348.4,606.8,323,64.7,258.4,574
4,19,2024,21,300.1,279.1,352.8,610.2,331.2,73.7,257.5,580.9
5,19,2024,19,279,260,342.5,617.3,357.3,82.5,274.8,590.6
6,19,2024,17.9,261.7,243.8,339,614.7,370.9,95.2,275.8,584.8
7,19,2024,19.6,268.8,249.2,329.1,614.7,365.5,80,285.5,590.1
8,19,2024,18.1,254,235.9,352.3,607.4,371.6,116.4,255.1,584.6
9,19,2024,17.8,240.9,223.2,338.9,600.6,377.4,115.7,261.8,578.6
10,19,2024,18.8,259.2,240.4,336.5,589.2,348.9,96.1,252.7,580.4
11,19,2024,18.7,273.6,254.9,362.3,606.5,351.5,107.3,244.2,586.2
12,19,2024,21.5,288.5,267,332.8,609,342.1,65.9,276.2,596.2
1,20,2024,22.7,296.4,273.7,324.5,605.9,332.1,50.8,281.4,593.8
2,20,2024,22.5,284.5,262,317.8,604.5,342.4,55.7,286.7,593.5
3,20,2024,18.5,269.5,251,348.9,604.6,353.6,97.9,255.7,596.1
4,20,2024,13.9,248.3,234.4,402,644.4,409.9,167.5,242.4,622.2
5,20,2024,8.8,258,249.1,638.6,758.5,509.4,389.5,119.9,704.5
6,20,2024,14.5,249.4,234.9,370,755.8,520.9,135.1,385.7,738.2
7,20,2024,15.1,228.9,213.9,311.3,683.8,470,97.4,372.5,674.3
8,20,2024,17.1,258.7,241.6,331.7,649.2,407.6,90.1,317.5,637.7
9,20,2024,16.9,249.9,233,336.7,637.1,404.1,103.8,300.4,627.9
10,20,2024,18.8,257.2,238.4,322.9,635.4,397,84.5,312.4,624.3
11,20,2024,18.1,263.7,245.6,348.8,634.1,388.5,103.2,285.3,626.3
12,20,2024,20,264.1,244.1,332.9,629.3,385.2,88.8,296.3,622.6
1,21,2024,21.6,270,248.4,330.6,640.7,392.4,82.2,310.1,629.2
2,21,2024,21.6,273.5,251.9,359.3,641.4,389.5,107.4,282.1,630.4
3,21,2024,22.9,274.2,251.3,355.8,648.2,396.9,104.5,292.4,638.5
4,21,2024,21.8,287.6,265.8,421.5,675.5,409.8,155.7,254,647.9
5,21,2024,20.7,284,263.3,480.8,696.2,432.9,217.6,215.4,673.4
6,21,2024,21.4,288.6,267.1,487.4,746.5,479.4,220.3,259.1,710.7
7,21,2024,25.8,284.9,259.1,414,752.9,493.8,155,338.9,710.2
8,21,2024,24.8,291.2,266.3,486.5,763.9,497.5,220.1,277.4,714.1
9,21,2024,26,296.8,270.8,483.6,787.1,516.2,212.8,303.4,739.7
10,21,2024,30.4,298.9,268.5,428.3,790.1,521.5,159.8,361.8,754.8
11,21,2024,32.5,320.4,288,428.5,785.4,497.4,140.6,356.8,752.2
12,21,2024,32.3,332.2,300,402,766.3,466.4,102,364.3,734.6
1,22,2024,30.3,328.6,298.3,427,762.6,464.3,128.7,335.6,727.7
2,22,2024,32.8,339.3,306.5,411.6,761.7,455.2,105.1,350.1,728
3,22,2024,33.1,331.8,298.7,390.3,768.5,469.8,91.6,378.3,736.4
4,22,2024,31.9,333.7,301.8,405.5,773.5,471.6,103.6,368,737.4
5,22,2024,35,349.5,314.5,391.7,767.5,453,77.2,375.7,737.4
6,22,2024,32.5,328.9,296.4,403.2,766,469.5,106.7,362.8,735
7,22,2024,32.1,326.6,294.5,404.5,761.9,467.4,110,357.4,734
8,22,2024,33.6,336,302.4,397.5,757.6,455.2,95.1,360.1,732.4
9,22,2024,38.7,341.6,302.9,380.5,760.1,457.1,77.6,379.6,732.4
10,22,2024,42.7,355.2,312.5,378.7,742.2,429.6,66.1,363.5,724.8
11,22,2024,38.9,364.2,325.2,389.2,736.5,411.3,64,347.3,714.9
12,22,2024,38.6,373.4,334.8,394.8,745,410.2,60,350.2,716.7
1,23,2024,35.1,374.6,339.6,418.4,757.3,417.7,78.8,338.9,719.9
2,23,2024,35.2,388.5,353.3,414.4,758.6,405.3,61.2,344.2,722.7
3,23,2024,33.9,394.7,360.9,430.1,764.1,403.2,69.2,334,722.8
4,23,2024,33.8,417.8,384,454.9,785.3,401.3,70.9,330.4,732.6
5,23,2024,32.7,410,377.3,461.3,808.2,430.9,84,346.9,750.2
6,23,2024,32.5,432.3,399.8,502.5,813.8,414,102.7,311.3,757.5
7,23,2024,35.5,431.2,395.7,468.2,830.8,435.1,72.5,362.6,779.3
8,23,2024,36.2,430.8,394.6,467.5,822.5,428,72.9,355.1,781.8
9,23,2024,36.9,436.7,399.8,462.6,818.1,418.3,62.8,355.5,781.9
10,23,2024,35.6,439.1,403.4,458.7,816.6,413.1,55.3,357.9,794.2
11,23,2024,33.2,427.7,394.5,453.4,803.9,409.4,58.9,350.5,788.7
12,23,2024,30.2,410,379.8,443,801.1,421.3,63.2,358.1,784.9