Year,Month,Date,CO2_ppm,seasonally_adjusted[ppm],fit[ppm], Sta
1958,1,21200,-99.99,-99.99,-99.99, MLO
1958,2,21231,-99.99,-99.99,-99.99, MLO
1958,3,21259,315.71,314.44,316.2, MLO
1958,4,21290,317.45,315.16,317.3, MLO
1958,5,21320,317.51,314.69,317.89, MLO
1958,6,21351,-99.99,-99.99,317.27, MLO
1958,7,21381,315.87,315.2,315.86, MLO
1958,8,21412,314.93,316.21,313.97, MLO
1958,9,21443,313.21,316.11,312.44, MLO
1958,10,21473,-99.99,-99.99,312.42, MLO
1958,11,21504,313.33,315.21,313.61, MLO
1958,12,21534,314.67,315.43,314.77, MLO
1959,1,21565,315.58,315.52,315.64, MLO
1959,2,21596,316.49,315.84,316.29, MLO
1959,3,21624,316.65,315.37,316.99, MLO
1959,4,21655,317.72,315.42,318.09, MLO
1959,5,21685,318.29,315.46,318.68, MLO
1959,6,21716,318.15,316,318.07, MLO
1959,7,21746,316.54,315.87,316.67, MLO
1959,8,21777,314.8,316.09,314.8, MLO
1959,9,21808,313.84,316.75,313.3, MLO
1959,10,21838,313.33,316.34,313.31, MLO
1959,11,21869,314.81,316.69,314.53, MLO
1959,12,21899,315.58,316.35,315.72, MLO
1960,1,21930,316.43,316.38,316.62, MLO
1960,2,21961,316.98,316.33,317.3, MLO
1960,3,21990,317.58,316.27,318.03, MLO
1960,4,22021,319.03,316.7,319.14, MLO
1960,5,22051,320.03,317.19,319.7, MLO
1960,6,22082,319.58,317.45,319.04, MLO
1960,7,22112,318.18,317.54,317.59, MLO
1960,8,22143,315.9,317.22,315.66, MLO
1960,9,22174,314.17,317.1,314.1, MLO
1960,10,22204,313.83,316.85,314.08, MLO
1960,11,22235,315,316.89,315.25, MLO
1960,12,22265,316.19,316.96,316.4, MLO
1961,1,22296,316.89,316.84,317.27, MLO
1961,2,22327,317.7,317.05,317.93, MLO
1961,3,22355,318.54,317.25,318.64, MLO
1961,4,22386,319.48,317.16,319.75, MLO
1961,5,22416,320.58,317.73,320.35, MLO
1961,6,22447,319.77,317.61,319.74, MLO
1961,7,22477,318.56,317.89,318.32, MLO
1961,8,22508,316.79,318.09,316.44, MLO
1961,9,22539,314.99,317.92,314.9, MLO
1961,10,22569,315.31,318.34,314.91, MLO
1961,11,22600,316.1,318,316.12, MLO
1961,12,22630,317.01,317.78,317.3, MLO
1962,1,22661,317.94,317.89,318.19, MLO
1962,2,22692,318.55,317.89,318.86, MLO
1962,3,22720,319.68,318.39,319.56, MLO
1962,4,22751,320.57,318.24,320.67, MLO
1962,5,22781,321.02,318.16,321.25, MLO
1962,6,22812,320.62,318.45,320.6, MLO
1962,7,22842,319.61,318.94,319.15, MLO
1962,8,22873,317.4,318.71,317.22, MLO
1962,9,22904,316.24,319.18,315.65, MLO
1962,10,22934,315.42,318.46,315.62, MLO
1962,11,22965,316.69,318.59,316.8, MLO
1962,12,22995,317.7,318.47,317.96, MLO
1963,1,23026,318.74,318.69,318.83, MLO
1963,2,23057,319.07,318.41,319.48, MLO
1963,3,23085,319.86,318.57,320.17, MLO
1963,4,23116,321.38,319.05,321.26, MLO
1963,5,23146,322.24,319.38,321.83, MLO
1963,6,23177,321.49,319.31,321.17, MLO
1963,7,23207,319.74,319.07,319.71, MLO
1963,8,23238,317.77,319.07,317.77, MLO
1963,9,23269,316.21,319.16,316.18, MLO
1963,10,23299,315.99,319.03,316.15, MLO
1963,11,23330,317.07,318.98,317.35, MLO
1963,12,23360,318.35,319.13,318.52, MLO
1964,1,23391,319.57,319.52,319.39, MLO
1964,2,23422,-99.99,-99.99,320.04, MLO
1964,3,23451,-99.99,-99.99,320.75, MLO
1964,4,23482,-99.99,-99.99,321.84, MLO
1964,5,23512,322.25,319.37,322.37, MLO
1964,6,23543,321.89,319.73,321.67, MLO
1964,7,23573,320.44,319.79,320.18, MLO
1964,8,23604,318.69,320.03,318.22, MLO
1964,9,23635,316.71,319.67,316.63, MLO
1964,10,23665,316.87,319.93,316.58, MLO
1964,11,23696,317.68,319.59,317.75, MLO
1964,12,23726,318.71,319.49,318.9, MLO
1965,1,23757,319.44,319.38,319.76, MLO
1965,2,23788,320.44,319.79,320.4, MLO
1965,3,23816,320.89,319.59,321.09, MLO
1965,4,23847,322.14,319.79,322.2, MLO
1965,5,23877,322.17,319.28,322.8, MLO
1965,6,23908,321.87,319.68,322.18, MLO
1965,7,23938,321.21,320.53,320.76, MLO
1965,8,23969,318.87,320.18,318.87, MLO
1965,9,24000,317.82,320.78,317.34, MLO
1965,10,24030,317.3,320.37,317.38, MLO
1965,11,24061,318.87,320.79,318.65, MLO
1965,12,24091,319.42,320.2,319.9, MLO
1966,1,24122,320.62,320.57,320.85, MLO
1966,2,24153,321.6,320.94,321.58, MLO
1966,3,24181,322.39,321.08,322.33, MLO
1966,4,24212,323.7,321.34,323.49, MLO
1966,5,24242,324.08,321.18,324.12, MLO
1966,6,24273,323.75,321.55,323.5, MLO
1966,7,24303,322.37,321.69,322.06, MLO
1966,8,24334,320.36,321.68,320.13, MLO
1966,9,24365,318.64,321.61,318.56, MLO
1966,10,24395,318.1,321.18,318.56, MLO
1966,11,24426,319.78,321.71,319.78, MLO
1966,12,24456,321.02,321.81,320.98, MLO
1967,1,24487,322.33,322.28,321.87, MLO
1967,2,24518,322.5,321.83,322.53, MLO
1967,3,24546,323.03,321.72,323.23, MLO
1967,4,24577,324.41,322.05,324.34, MLO
1967,5,24607,325,322.09,324.92, MLO
1967,6,24638,324.09,321.89,324.26, MLO
1967,7,24668,322.54,321.86,322.79, MLO
1967,8,24699,320.92,322.24,320.85, MLO
1967,9,24730,319.25,322.24,319.28, MLO
1967,10,24760,319.39,322.48,319.28, MLO
1967,11,24791,320.73,322.66,320.51, MLO
1967,12,24821,321.96,322.74,321.73, MLO
1968,1,24852,322.57,322.51,322.64, MLO
1968,2,24883,323.15,322.48,323.33, MLO
1968,3,24912,323.89,322.55,324.09, MLO
1968,4,24943,325.02,322.63,325.24, MLO
1968,5,24973,325.57,322.66,325.84, MLO
1968,6,25004,325.36,323.17,325.2, MLO
1968,7,25034,324.14,323.48,323.77, MLO
1968,8,25065,322.11,323.46,321.87, MLO
1968,9,25096,320.33,323.33,320.36, MLO
1968,10,25126,320.25,323.34,320.41, MLO
1968,11,25157,321.32,323.26,321.71, MLO
1968,12,25187,322.89,323.68,322.98, MLO
1969,1,25218,324,323.95,323.96, MLO
1969,2,25249,324.41,323.75,324.71, MLO
1969,3,25277,325.63,324.31,325.5, MLO
1969,4,25308,326.66,324.28,326.7, MLO
1969,5,25338,327.38,324.46,327.36, MLO
1969,6,25369,326.71,324.49,326.77, MLO
1969,7,25399,325.88,325.19,325.35, MLO
1969,8,25430,323.66,324.99,323.44, MLO
1969,9,25461,322.38,325.38,321.89, MLO
1969,10,25491,321.78,324.89,321.9, MLO
1969,11,25522,322.85,324.8,323.16, MLO
1969,12,25552,324.11,324.91,324.39, MLO
1970,1,25583,325.06,325.01,325.31, MLO
1970,2,25614,325.99,325.31,326.01, MLO
1970,3,25642,326.93,325.61,326.74, MLO
1970,4,25673,328.13,325.75,327.88, MLO
1970,5,25703,328.08,325.15,328.49, MLO
1970,6,25734,327.67,325.44,327.84, MLO
1970,7,25764,326.34,325.65,326.37, MLO
1970,8,25795,324.68,326.02,324.4, MLO
1970,9,25826,323.1,326.11,322.81, MLO
1970,10,25856,323.06,326.18,322.78, MLO
1970,11,25887,324.01,325.96,324, MLO
1970,12,25917,325.13,325.93,325.19, MLO
1971,1,25948,326.17,326.12,326.08, MLO
1971,2,25979,326.69,326.01,326.73, MLO
1971,3,26007,327.18,325.85,327.43, MLO
1971,4,26038,327.78,325.39,328.55, MLO
1971,5,26068,328.93,325.99,329.14, MLO
1971,6,26099,328.57,326.34,328.48, MLO
1971,7,26129,327.36,326.67,327, MLO
1971,8,26160,325.43,326.77,325.03, MLO
1971,9,26191,323.36,326.38,323.44, MLO
1971,10,26221,323.56,326.69,323.43, MLO
1971,11,26252,324.8,326.75,324.69, MLO
1971,12,26282,326.01,326.81,325.92, MLO
1972,1,26313,326.77,326.71,326.86, MLO
1972,2,26344,327.63,326.96,327.56, MLO
1972,3,26373,327.75,326.39,328.35, MLO
1972,4,26404,329.72,327.3,329.54, MLO
1972,5,26434,330.07,327.12,330.18, MLO
1972,6,26465,329.09,326.87,329.58, MLO
1972,7,26495,328.04,327.38,328.18, MLO
1972,8,26526,326.32,327.69,326.32, MLO
1972,9,26557,324.84,327.88,324.86, MLO
1972,10,26587,325.2,328.33,324.99, MLO
1972,11,26618,326.5,328.46,326.38, MLO
1972,12,26648,327.55,328.35,327.73, MLO
1973,1,26679,328.55,328.49,328.79, MLO
1973,2,26710,329.57,328.89,329.61, MLO
1973,3,26738,330.3,328.97,330.46, MLO
1973,4,26769,331.5,329.1,331.73, MLO
1973,5,26799,332.48,329.52,332.44, MLO
1973,6,26830,332.07,329.83,331.86, MLO
1973,7,26860,330.87,330.18,330.44, MLO
1973,8,26891,329.31,330.66,328.5, MLO
1973,9,26922,327.52,330.56,326.9, MLO
1973,10,26952,327.19,330.33,326.88, MLO
1973,11,26983,328.17,330.13,328.1, MLO
1973,12,27013,328.65,329.45,329.29, MLO
1974,1,27044,329.36,329.3,330.17, MLO
1974,2,27075,330.71,330.03,330.82, MLO
1974,3,27103,331.49,330.15,331.51, MLO
1974,4,27134,332.65,330.24,332.62, MLO
1974,5,27164,333.1,330.13,333.2, MLO
1974,6,27195,332.26,330.01,332.51, MLO
1974,7,27225,331.18,330.49,330.99, MLO
1974,8,27256,329.4,330.75,328.99, MLO
1974,9,27287,327.44,330.49,327.36, MLO
1974,10,27317,327.38,330.54,327.33, MLO
1974,11,27348,328.46,330.44,328.58, MLO
1974,12,27378,329.58,330.38,329.81, MLO
1975,1,27409,330.41,330.35,330.74, MLO
1975,2,27440,331.41,330.73,331.44, MLO
1975,3,27468,332.04,330.7,332.19, MLO
1975,4,27499,333.32,330.89,333.36, MLO
1975,5,27529,333.98,331,333.99, MLO
1975,6,27560,333.62,331.36,333.36, MLO
1975,7,27590,331.91,331.21,331.88, MLO
1975,8,27621,330.06,331.42,329.92, MLO
1975,9,27652,328.57,331.63,328.32, MLO
1975,10,27682,328.35,331.51,328.33, MLO
1975,11,27713,329.5,331.48,329.61, MLO
1975,12,27743,330.77,331.58,330.86, MLO
1976,1,27774,331.76,331.7,331.8, MLO
1976,2,27805,332.58,331.9,332.5, MLO
1976,3,27834,333.5,332.13,333.27, MLO
1976,4,27865,334.59,332.14,334.43, MLO
1976,5,27895,334.89,331.9,335.02, MLO
1976,6,27926,334.34,332.1,334.35, MLO
1976,7,27956,333.06,332.39,332.85, MLO
1976,8,27987,330.95,332.34,330.88, MLO
1976,9,28018,329.31,332.39,329.31, MLO
1976,10,28048,328.95,332.12,329.36, MLO
1976,11,28079,330.32,332.3,330.69, MLO
1976,12,28109,331.69,332.5,332, MLO
1977,1,28140,332.94,332.88,333.02, MLO
1977,2,28171,333.43,332.75,333.82, MLO
1977,3,28199,334.71,333.36,334.65, MLO
1977,4,28230,336.08,333.64,335.92, MLO
1977,5,28260,336.76,333.76,336.64, MLO
1977,6,28291,336.28,334.01,336.08, MLO
1977,7,28321,334.93,334.22,334.67, MLO
1977,8,28352,332.76,334.13,332.76, MLO
1977,9,28383,331.6,334.68,331.23, MLO
1977,10,28413,331.17,334.35,331.3, MLO
1977,11,28444,332.41,334.41,332.64, MLO
1977,12,28474,333.86,334.67,333.95, MLO
1978,1,28505,334.98,334.92,334.96, MLO
1978,2,28536,335.4,334.71,335.72, MLO
1978,3,28564,336.65,335.29,336.51, MLO
1978,4,28595,337.76,335.32,337.73, MLO
1978,5,28625,338.02,335.02,338.39, MLO
1978,6,28656,337.91,335.63,337.76, MLO
1978,7,28686,336.55,335.84,336.29, MLO
1978,8,28717,334.69,336.06,334.31, MLO
1978,9,28748,332.77,335.86,332.71, MLO
1978,10,28778,332.56,335.75,332.72, MLO
1978,11,28809,333.93,335.93,334.03, MLO
1978,12,28839,334.96,335.77,335.3, MLO
1979,1,28870,336.24,336.18,336.28, MLO
1979,2,28901,336.77,336.08,337.02, MLO
1979,3,28929,337.97,336.61,337.8, MLO
1979,4,28960,338.89,336.44,339.02, MLO
1979,5,28990,339.48,336.47,339.7, MLO
1979,6,29021,339.3,337.01,339.08, MLO
1979,7,29051,337.74,337.03,337.63, MLO
1979,8,29082,336.1,337.47,335.69, MLO
1979,9,29113,333.93,337.03,334.13, MLO
1979,10,29143,333.87,337.07,334.19, MLO
1979,11,29174,335.3,337.31,335.56, MLO
1979,12,29204,336.74,337.56,336.9, MLO
1980,1,29235,338.03,337.98,337.93, MLO
1980,2,29266,338.37,337.68,338.73, MLO
1980,3,29295,340.09,338.7,339.59, MLO
1980,4,29326,340.78,338.3,340.85, MLO
1980,5,29356,341.48,338.46,341.52, MLO
1980,6,29387,341.19,338.92,340.9, MLO
1980,7,29417,339.57,338.89,339.43, MLO
1980,8,29448,337.61,339.02,337.48, MLO
1980,9,29479,335.9,339.02,335.9, MLO
1980,10,29509,336.03,339.24,335.95, MLO
1980,11,29540,337.12,339.12,337.28, MLO
1980,12,29570,338.23,339.05,338.56, MLO
1981,1,29601,339.25,339.19,339.54, MLO
1981,2,29632,340.5,339.81,340.27, MLO
1981,3,29660,341.4,340.04,341.04, MLO
1981,4,29691,342.52,340.06,342.23, MLO
1981,5,29721,342.93,339.9,342.86, MLO
1981,6,29752,342.27,339.97,342.2, MLO
1981,7,29782,340.5,339.79,340.68, MLO
1981,8,29813,338.45,339.83,338.68, MLO
1981,9,29844,336.71,339.83,337.06, MLO
1981,10,29874,336.88,340.1,337.08, MLO
1981,11,29905,338.38,340.4,338.4, MLO
1981,12,29935,339.63,340.45,339.7, MLO
1982,1,29966,340.77,340.71,340.68, MLO
1982,2,29997,341.63,340.94,341.42, MLO
1982,3,30025,342.72,341.35,342.19, MLO
1982,4,30056,343.59,341.12,343.39, MLO
1982,5,30086,344.16,341.12,344.02, MLO
1982,6,30117,343.37,341.06,343.35, MLO
1982,7,30147,342.07,341.36,341.82, MLO
1982,8,30178,339.83,341.21,339.8, MLO
1982,9,30209,338,341.12,338.17, MLO
1982,10,30239,337.88,341.11,338.19, MLO
1982,11,30270,339.28,341.31,339.52, MLO
1982,12,30300,340.51,341.33,340.84, MLO
1983,1,30331,341.4,341.34,341.87, MLO
1983,2,30362,342.54,341.85,342.68, MLO
1983,3,30390,343.12,341.74,343.53, MLO
1983,4,30421,344.96,342.48,344.83, MLO
1983,5,30451,345.78,342.73,345.57, MLO
1983,6,30482,345.34,343.02,345, MLO
1983,7,30512,344,343.28,343.57, MLO
1983,8,30543,342.4,343.79,341.64, MLO
1983,9,30574,339.89,343.02,340.08, MLO
1983,10,30604,340,343.25,340.15, MLO
1983,11,30635,341.16,343.19,341.52, MLO
1983,12,30665,342.99,343.81,342.86, MLO
1984,1,30696,343.82,343.76,343.89, MLO
1984,2,30727,344.62,343.92,344.66, MLO
1984,3,30756,345.38,343.98,345.5, MLO
1984,4,30787,347.14,344.63,346.74, MLO
1984,5,30817,347.52,344.47,347.39, MLO
1984,6,30848,346.88,344.58,346.74, MLO
1984,7,30878,345.47,344.78,345.23, MLO
1984,8,30909,343.34,344.76,343.23, MLO
1984,9,30940,341.13,344.29,341.63, MLO
1984,10,30970,341.4,344.64,341.68, MLO
1984,11,31001,343.02,345.05,343.03, MLO
1984,12,31031,344.25,345.08,344.35, MLO
1985,1,31062,344.99,344.94,345.35, MLO
1985,2,31093,346.01,345.31,346.12, MLO
1985,3,31121,347.43,346.05,346.91, MLO
1985,4,31152,348.34,345.85,348.14, MLO
1985,5,31182,348.92,345.85,348.8, MLO
1985,6,31213,348.24,345.91,348.13, MLO
1985,7,31243,346.53,345.81,346.61, MLO
1985,8,31274,344.64,346.04,344.57, MLO
1985,9,31305,343.06,346.21,342.92, MLO
1985,10,31335,342.77,346.03,342.92, MLO
1985,11,31366,344.21,346.25,344.24, MLO
1985,12,31396,345.53,346.36,345.54, MLO
1986,1,31427,346.28,346.22,346.52, MLO
1986,2,31458,346.93,346.23,347.28, MLO
1986,3,31486,347.83,346.44,348.07, MLO
1986,4,31517,349.53,347.03,349.31, MLO
1986,5,31547,350.19,347.12,349.99, MLO
1986,6,31578,349.54,347.2,349.36, MLO
1986,7,31608,347.92,347.19,347.87, MLO
1986,8,31639,345.88,347.28,345.86, MLO
1986,9,31670,344.83,347.99,344.25, MLO
1986,10,31700,344.15,347.42,344.3, MLO
1986,11,31731,345.64,347.69,345.66, MLO
1986,12,31761,346.88,347.71,347, MLO
1987,1,31792,348,347.94,348.04, MLO
1987,2,31823,348.47,347.76,348.83, MLO
1987,3,31851,349.41,348.01,349.67, MLO
1987,4,31882,350.97,348.46,350.97, MLO
1987,5,31912,351.84,348.75,351.7, MLO
1987,6,31943,351.25,348.91,351.12, MLO
1987,7,31973,349.5,348.77,349.68, MLO
1987,8,32004,348.08,349.49,347.74, MLO
1987,9,32035,346.44,349.61,346.19, MLO
1987,10,32065,346.09,349.37,346.3, MLO
1987,11,32096,347.54,349.59,347.74, MLO
1987,12,32126,348.69,349.53,349.15, MLO
1988,1,32157,350.16,350.1,350.25, MLO
1988,2,32188,351.47,350.76,351.1, MLO
1988,3,32217,351.96,350.54,352.01, MLO
1988,4,32248,353.33,350.79,353.34, MLO
1988,5,32278,353.97,350.88,354.06, MLO
1988,6,32309,353.55,351.22,353.46, MLO
1988,7,32339,352.14,351.44,352, MLO
1988,8,32370,350.19,351.63,350.02, MLO
1988,9,32401,348.5,351.69,348.45, MLO
1988,10,32431,348.66,351.94,348.52, MLO
1988,11,32462,349.85,351.9,349.9, MLO
1988,12,32492,351.12,351.96,351.23, MLO
1989,1,32523,352.55,352.49,352.24, MLO
1989,2,32554,352.86,352.15,353.01, MLO
1989,3,32582,353.48,352.08,353.8, MLO
1989,4,32613,355.21,352.69,355.03, MLO
1989,5,32643,355.47,352.37,355.69, MLO
1989,6,32674,354.92,352.57,355.03, MLO
1989,7,32704,353.7,352.96,353.49, MLO
1989,8,32735,351.47,352.88,351.44, MLO
1989,9,32766,349.61,352.8,349.78, MLO
1989,10,32796,349.79,353.08,349.8, MLO
1989,11,32827,351.1,353.16,351.14, MLO
1989,12,32857,352.32,353.17,352.46, MLO
1990,1,32888,353.46,353.4,353.46, MLO
1990,2,32919,354.5,353.79,354.21, MLO
1990,3,32947,355.19,353.79,355, MLO
1990,4,32978,356,353.47,356.23, MLO
1990,5,33008,356.96,353.85,356.9, MLO
1990,6,33039,356.04,353.68,356.25, MLO
1990,7,33069,354.62,353.89,354.73, MLO
1990,8,33100,352.71,354.13,352.7, MLO
1990,9,33131,350.77,353.97,351.08, MLO
1990,10,33161,350.99,354.29,351.14, MLO
1990,11,33192,352.64,354.71,352.54, MLO
1990,12,33222,354.02,354.86,353.91, MLO
1991,1,33253,354.53,354.47,354.95, MLO
1991,2,33284,355.55,354.84,355.74, MLO
1991,3,33312,356.96,355.55,356.56, MLO
1991,4,33343,358.4,355.86,357.81, MLO
1991,5,33373,359.14,356.02,358.47, MLO
1991,6,33404,358.04,355.67,357.77, MLO
1991,7,33434,355.98,355.24,356.19, MLO
1991,8,33465,353.81,355.24,354.09, MLO
1991,9,33496,351.95,355.16,352.38, MLO
1991,10,33526,352.02,355.34,352.36, MLO
1991,11,33557,353.55,355.62,353.68, MLO
1991,12,33587,354.79,355.64,354.97, MLO
1992,1,33618,355.79,355.73,355.94, MLO
1992,2,33649,356.53,355.81,356.66, MLO
1992,3,33678,357.61,356.17,357.45, MLO
1992,4,33709,358.95,356.38,358.65, MLO
1992,5,33739,359.46,356.33,359.24, MLO
1992,6,33770,359.06,356.7,358.49, MLO
1992,7,33800,356.82,356.11,356.87, MLO
1992,8,33831,354.8,356.25,354.74, MLO
1992,9,33862,352.81,356.03,353.02, MLO
1992,10,33892,353.11,356.43,352.98, MLO
1992,11,33923,353.96,356.04,354.28, MLO
1992,12,33953,355.2,356.05,355.54, MLO
1993,1,33984,356.5,356.44,356.5, MLO
1993,2,34015,356.97,356.25,357.22, MLO
1993,3,34043,358.18,356.76,357.98, MLO
1993,4,34074,359.26,356.71,359.2, MLO
1993,5,34104,360.08,356.94,359.85, MLO
1993,6,34135,359.4,357.02,359.16, MLO
1993,7,34165,357.38,356.64,357.61, MLO
1993,8,34196,355.33,356.76,355.55, MLO
1993,9,34227,353.5,356.73,353.9, MLO
1993,10,34257,353.8,357.13,353.96, MLO
1993,11,34288,355.15,357.23,355.37, MLO
1993,12,34318,356.62,357.47,356.76, MLO
1994,1,34349,358.19,358.13,357.83, MLO
1994,2,34380,358.73,358.01,358.66, MLO
1994,3,34408,359.79,358.37,359.52, MLO
1994,4,34439,361.09,358.53,360.83, MLO
1994,5,34469,361.52,358.37,361.57, MLO
1994,6,34500,360.78,358.39,360.96, MLO
1994,7,34530,359.38,358.63,359.46, MLO
1994,8,34561,357.31,358.74,357.46, MLO
1994,9,34592,355.68,358.92,355.85, MLO
1994,10,34622,355.83,359.18,355.95, MLO
1994,11,34653,357.42,359.52,357.4, MLO
1994,12,34683,358.87,359.73,358.81, MLO
1995,1,34714,359.81,359.75,359.91, MLO
1995,2,34745,360.84,360.12,360.75, MLO
1995,3,34773,361.48,360.06,361.62, MLO
1995,4,34804,363.3,360.73,362.94, MLO
1995,5,34834,363.64,360.49,363.68, MLO
1995,6,34865,363.11,360.72,363.06, MLO
1995,7,34895,361.74,361,361.56, MLO
1995,8,34926,359.31,360.75,359.53, MLO
1995,9,34957,357.91,361.16,357.91, MLO
1995,10,34987,357.62,360.97,357.99, MLO
1995,11,35018,359.42,361.52,359.41, MLO
1995,12,35048,360.56,361.42,360.81, MLO
1996,1,35079,361.91,361.85,361.87, MLO
1996,2,35110,363.11,362.38,362.68, MLO
1996,3,35139,363.89,362.43,363.54, MLO
1996,4,35170,364.58,361.98,364.82, MLO
1996,5,35200,365.29,362.12,365.48, MLO
1996,6,35231,364.84,362.46,364.78, MLO
1996,7,35261,363.52,362.8,363.21, MLO
1996,8,35292,361.35,362.82,361.11, MLO
1996,9,35323,359.32,362.58,359.42, MLO
1996,10,35353,359.48,362.84,359.44, MLO
1996,11,35384,360.64,362.74,360.79, MLO
1996,12,35414,362.21,363.06,362.1, MLO
1997,1,35445,363.06,363,363.1, MLO
1997,2,35476,363.87,363.15,363.86, MLO
1997,3,35504,364.44,363.01,364.66, MLO
1997,4,35535,366.23,363.65,365.92, MLO
1997,5,35565,366.68,363.5,366.61, MLO
1997,6,35596,365.52,363.11,365.96, MLO
1997,7,35626,364.36,363.61,364.43, MLO
1997,8,35657,362.39,363.83,362.41, MLO
1997,9,35688,360.08,363.34,360.82, MLO
1997,10,35718,360.67,364.04,360.95, MLO
1997,11,35749,362.32,364.43,362.47, MLO
1997,12,35779,364.17,365.03,363.96, MLO
1998,1,35810,365.22,365.16,365.15, MLO
1998,2,35841,366.04,365.31,366.09, MLO
1998,3,35869,367.2,365.77,367.05, MLO
1998,4,35900,368.5,365.91,368.48, MLO
1998,5,35930,369.19,366.01,369.32, MLO
1998,6,35961,368.77,366.35,368.79, MLO
1998,7,35991,367.53,366.78,367.36, MLO
1998,8,36022,365.68,367.13,365.39, MLO
1998,9,36053,363.8,367.08,363.8, MLO
1998,10,36083,364.13,367.52,363.91, MLO
1998,11,36114,365.36,367.48,365.37, MLO
1998,12,36144,366.87,367.73,366.77, MLO
1999,1,36175,368.05,367.99,367.82, MLO
1999,2,36206,368.77,368.04,368.6, MLO
1999,3,36234,369.49,368.05,369.41, MLO
1999,4,36265,371.04,368.44,370.65, MLO
1999,5,36295,370.9,367.71,371.3, MLO
1999,6,36326,370.25,367.83,370.58, MLO
1999,7,36356,369.17,368.41,368.96, MLO
1999,8,36387,366.83,368.29,366.82, MLO
1999,9,36418,364.54,367.82,365.09, MLO
1999,10,36448,365.04,368.43,365.09, MLO
1999,11,36479,366.58,368.7,366.45, MLO
1999,12,36509,367.92,368.78,367.79, MLO
2000,1,36540,369.05,368.99,368.81, MLO
2000,2,36571,369.37,368.64,369.57, MLO
2000,3,36600,370.42,368.95,370.41, MLO
2000,4,36631,371.57,368.94,371.68, MLO
2000,5,36661,371.74,368.54,372.35, MLO
2000,6,36692,371.6,369.2,371.66, MLO
2000,7,36722,370.02,369.3,370.11, MLO
2000,8,36753,368.03,369.52,368.03, MLO
2000,9,36784,366.53,369.83,366.39, MLO
2000,10,36814,366.64,370.04,366.46, MLO
2000,11,36845,368.2,370.33,367.88, MLO
2000,12,36875,369.44,370.31,369.26, MLO
2001,1,36906,370.2,370.13,370.32, MLO
2001,2,36937,371.42,370.68,371.11, MLO
2001,3,36965,372.04,370.59,371.94, MLO
2001,4,36996,372.78,370.17,373.22, MLO
2001,5,37026,373.94,370.73,373.93, MLO
2001,6,37057,373.23,370.79,373.26, MLO
2001,7,37087,371.54,370.78,371.7, MLO
2001,8,37118,369.47,370.93,369.62, MLO
2001,9,37149,367.88,371.18,367.96, MLO
2001,10,37179,368.01,371.43,368.03, MLO
2001,11,37210,369.6,371.74,369.48, MLO
2001,12,37240,371.16,372.03,370.91, MLO
2002,1,37271,372.36,372.29,372, MLO
2002,2,37302,373,372.27,372.85, MLO
2002,3,37330,373.44,371.99,373.73, MLO
2002,4,37361,374.77,372.15,375.09, MLO
2002,5,37391,375.48,372.26,375.87, MLO
2002,6,37422,375.33,372.89,375.28, MLO
2002,7,37452,373.95,373.19,373.8, MLO
2002,8,37483,371.41,372.88,371.79, MLO
2002,9,37514,370.63,373.94,370.2, MLO
2002,10,37544,370.18,373.6,370.35, MLO
2002,11,37575,372.01,374.15,371.87, MLO
2002,12,37605,373.71,374.58,373.36, MLO
2003,1,37636,374.61,374.55,374.51, MLO
2003,2,37667,375.55,374.81,375.41, MLO
2003,3,37695,376.04,374.58,376.33, MLO
2003,4,37726,377.58,374.95,377.71, MLO
2003,5,37756,378.28,375.05,378.5, MLO
2003,6,37787,378.07,375.62,377.9, MLO
2003,7,37817,376.54,375.78,376.39, MLO
2003,8,37848,374.42,375.89,374.35, MLO
2003,9,37879,372.92,376.24,372.7, MLO
2003,10,37909,372.94,376.37,372.78, MLO
2003,11,37940,374.29,376.43,374.24, MLO
2003,12,37970,375.63,376.5,375.65, MLO
2004,1,38001,376.73,376.67,376.72, MLO
2004,2,38032,377.31,376.57,377.53, MLO
2004,3,38061,378.33,376.85,378.41, MLO
2004,4,38092,380.44,377.78,379.7, MLO
2004,5,38122,380.56,377.32,380.38, MLO
2004,6,38153,379.49,377.06,379.67, MLO
2004,7,38183,377.7,376.97,378.08, MLO
2004,8,38214,375.77,377.28,375.98, MLO
2004,9,38245,373.99,377.33,374.31, MLO
2004,10,38275,374.17,377.61,374.41, MLO
2004,11,38306,375.79,377.94,375.89, MLO
2004,12,38336,377.39,378.27,377.34, MLO
2005,1,38367,378.29,378.23,378.48, MLO
2005,2,38398,379.56,378.82,379.37, MLO
2005,3,38426,380.07,378.6,380.3, MLO
2005,4,38457,382.01,379.37,381.7, MLO
2005,5,38487,382.21,378.96,382.5, MLO
2005,6,38518,382.05,379.58,381.92, MLO
2005,7,38548,380.63,379.87,380.42, MLO
2005,8,38579,378.64,380.12,378.39, MLO
2005,9,38610,376.38,379.72,376.76, MLO
2005,10,38640,376.77,380.22,376.87, MLO
2005,11,38671,378.27,380.43,378.37, MLO
2005,12,38701,379.93,380.81,379.83, MLO
2006,1,38732,381.33,381.27,380.96, MLO
2006,2,38763,381.98,381.24,381.81, MLO
2006,3,38791,382.53,381.06,382.69, MLO
2006,4,38822,384.33,381.68,384.03, MLO
2006,5,38852,384.89,381.63,384.76, MLO
2006,6,38883,384,381.52,384.1, MLO
2006,7,38913,382.25,381.48,382.53, MLO
2006,8,38944,380.44,381.93,380.42, MLO
2006,9,38975,378.77,382.12,378.73, MLO
2006,10,39005,379.03,382.49,378.79, MLO
2006,11,39036,380.11,382.28,380.25, MLO
2006,12,39066,381.63,382.51,381.67, MLO
2007,1,39097,382.55,382.49,382.76, MLO
2007,2,39128,383.68,382.94,383.6, MLO
2007,3,39156,384.31,382.83,384.47, MLO
2007,4,39187,386.19,383.54,385.82, MLO
2007,5,39217,386.38,383.12,386.57, MLO
2007,6,39248,385.85,383.37,385.92, MLO
2007,7,39278,384.41,383.64,384.36, MLO
2007,8,39309,381.81,383.3,382.26, MLO
2007,9,39340,380.83,384.19,380.57, MLO
2007,10,39370,380.83,384.3,380.65, MLO
2007,11,39401,382.32,384.5,382.11, MLO
2007,12,39431,383.58,384.47,383.54, MLO
2008,1,39462,385.04,384.98,384.63, MLO
2008,2,39493,385.81,385.06,385.46, MLO
2008,3,39522,385.8,384.3,386.36, MLO
2008,4,39553,386.74,384.05,387.7, MLO
2008,5,39583,388.48,385.21,388.42, MLO
2008,6,39614,388.02,385.56,387.76, MLO
2008,7,39644,386.22,385.48,386.19, MLO
2008,8,39675,384.05,385.57,384.09, MLO
2008,9,39706,383.05,386.43,382.43, MLO
2008,10,39736,382.75,386.22,382.52, MLO
2008,11,39767,383.98,386.15,383.99, MLO
2008,12,39797,385.08,385.97,385.42, MLO
2009,1,39828,386.63,386.56,386.52, MLO
2009,2,39859,387.1,386.35,387.36, MLO
2009,3,39887,388.5,387.02,388.25, MLO
2009,4,39918,389.54,386.87,389.61, MLO
2009,5,39948,390.15,386.86,390.37, MLO
2009,6,39979,389.6,387.11,389.74, MLO
2009,7,40009,388.05,387.27,388.2, MLO
2009,8,40040,386.06,387.56,386.13, MLO
2009,9,40071,384.64,388.01,384.48, MLO
2009,10,40101,384.32,387.81,384.61, MLO
2009,11,40132,386.05,388.23,386.15, MLO
2009,12,40162,387.48,388.38,387.66, MLO
2010,1,40193,388.55,388.49,388.84, MLO
2010,2,40224,390.08,389.33,389.75, MLO
2010,3,40252,391.02,389.54,390.69, MLO
2010,4,40283,392.39,389.71,392.09, MLO
2010,5,40313,393.24,389.95,392.88, MLO
2010,6,40344,392.26,389.76,392.25, MLO
2010,7,40374,390.35,389.57,390.69, MLO
2010,8,40405,388.53,390.03,388.59, MLO
2010,9,40436,386.85,390.23,386.89, MLO
2010,10,40466,387.18,390.68,386.96, MLO
2010,11,40497,388.69,390.88,388.43, MLO
2010,12,40527,389.83,390.73,389.86, MLO
2011,1,40558,391.33,391.26,390.95, MLO
2011,2,40589,391.96,391.21,391.78, MLO
2011,3,40617,392.49,391,392.64, MLO
2011,4,40648,393.4,390.72,393.97, MLO
2011,5,40678,394.33,391.03,394.72, MLO
2011,6,40709,393.75,391.24,394.06, MLO
2011,7,40739,392.64,391.86,392.49, MLO
2011,8,40770,390.25,391.75,390.38, MLO
2011,9,40801,389.05,392.44,388.69, MLO
2011,10,40831,388.98,392.49,388.79, MLO
2011,11,40862,390.3,392.49,390.29, MLO
2011,12,40892,391.86,392.76,391.77, MLO
2012,1,40923,393.13,393.07,392.91, MLO
2012,2,40954,393.42,392.66,393.79, MLO
2012,3,40983,394.43,392.91,394.75, MLO
2012,4,41014,396.51,393.79,396.15, MLO
2012,5,41044,396.96,393.65,396.93, MLO
2012,6,41075,395.97,393.48,396.31, MLO
2012,7,41105,394.6,393.85,394.78, MLO
2012,8,41136,392.61,394.15,392.72, MLO
2012,9,41167,391.2,394.62,391.11, MLO
2012,10,41197,391.09,394.6,391.28, MLO
2012,11,41228,393.03,395.22,392.85, MLO
2012,12,41258,394.42,395.31,394.37, MLO
2013,1,41289,395.69,395.63,395.56, MLO
2013,2,41320,396.94,396.18,396.48, MLO
2013,3,41348,397.35,395.86,397.42, MLO
2013,4,41379,398.44,395.74,398.84, MLO
2013,5,41409,400.06,396.74,399.65, MLO
2013,6,41440,398.96,396.44,399.03, MLO
2013,7,41470,397.45,396.67,397.47, MLO
2013,8,41501,395.49,397,395.36, MLO
2013,9,41532,393.47,396.89,393.67, MLO
2013,10,41562,393.77,397.3,393.77, MLO
2013,11,41593,395.27,397.48,395.28, MLO
2013,12,41623,396.9,397.8,396.75, MLO
2014,1,41654,398.01,397.94,397.88, MLO
2014,2,41685,398.18,397.42,398.75, MLO
2014,3,41713,399.56,398.06,399.65, MLO
2014,4,41744,401.43,398.73,401.03, MLO
2014,5,41774,401.98,398.65,401.79, MLO
2014,6,41805,401.41,398.89,401.12, MLO
2014,7,41835,399.17,398.38,399.52, MLO
2014,8,41866,397.3,398.81,397.38, MLO
2014,9,41897,395.49,398.91,395.66, MLO
2014,10,41927,395.74,399.27,395.73, MLO
2014,11,41958,397.32,399.53,397.23, MLO
2014,12,41988,398.89,399.79,398.7, MLO
2015,1,42019,399.94,399.88,399.84, MLO
2015,2,42050,400.4,399.63,400.72, MLO
2015,3,42078,401.6,400.09,401.63, MLO
2015,4,42109,403.52,400.81,403.04, MLO
2015,5,42139,404.04,400.7,403.84, MLO
2015,6,42170,402.81,400.27,403.23, MLO
2015,7,42200,401.53,400.75,401.71, MLO
2015,8,42231,398.93,400.45,399.66, MLO
2015,9,42262,397.43,400.86,398.05, MLO
2015,10,42292,398.22,401.76,398.26, MLO
2015,11,42323,400.17,402.39,399.91, MLO
2015,12,42353,401.82,402.73,401.53, MLO
2016,1,42384,402.57,402.5,402.81, MLO
2016,2,42415,404.1,403.33,403.81, MLO
2016,3,42444,404.79,403.26,404.87, MLO
2016,4,42475,407.48,404.74,406.36, MLO
2016,5,42505,407.6,404.25,407.19, MLO
2016,6,42536,406.94,404.43,406.58, MLO
2016,7,42566,404.43,403.68,405.03, MLO
2016,8,42597,402.16,403.72,402.94, MLO
2016,9,42628,400.94,404.39,401.28, MLO
2016,10,42658,401.43,404.98,401.43, MLO
2016,11,42689,403.57,405.79,402.98, MLO
2016,12,42719,404.49,405.39,404.48, MLO
2017,1,42750,406,405.93,405.64, MLO
2017,2,42781,406.57,405.8,406.52, MLO
2017,3,42809,406.99,405.48,407.43, MLO
2017,4,42840,408.88,406.16,408.82, MLO
2017,5,42870,409.84,406.48,409.59, MLO
2017,6,42901,409.04,406.49,408.92, MLO
2017,7,42931,407.14,406.35,407.3, MLO
2017,8,42962,405.19,406.72,405.13, MLO
2017,9,42993,403.2,406.65,403.39, MLO
2017,10,43023,403.56,407.13,403.46, MLO
2017,11,43054,405.1,407.33,404.96, MLO
2017,12,43084,406.68,407.59,406.42, MLO
2018,1,43115,407.98,407.91,407.55, MLO
2018,2,43146,408.35,407.58,408.41, MLO
2018,3,43174,409.21,407.69,409.32, MLO
2018,4,43205,410.23,407.49,410.72, MLO
2018,5,43235,411.23,407.87,411.52, MLO
2018,6,43266,410.81,408.26,410.9, MLO
2018,7,43296,408.83,408.04,409.36, MLO
2018,8,43327,407.02,408.56,407.28, MLO
2018,9,43358,405.53,408.99,405.65, MLO
2018,10,43388,405.93,409.51,405.82, MLO
2018,11,43419,408.05,410.29,407.45, MLO
2018,12,43449,409.16,410.07,409.02, MLO
2019,1,43480,410.85,410.79,410.25, MLO
2019,2,43511,411.58,410.81,411.2, MLO
2019,3,43539,411.9,410.38,412.17, MLO
2019,4,43570,413.46,410.72,413.62, MLO
2019,5,43600,414.75,411.38,414.45, MLO
2019,6,43631,413.89,411.33,413.84, MLO
2019,7,43661,411.79,411,412.27, MLO
2019,8,43692,410.02,411.56,410.16, MLO
2019,9,43723,408.48,411.94,408.47, MLO
2019,10,43753,408.4,411.98,408.6, MLO
2019,11,43784,410.16,412.4,410.18, MLO
2019,12,43814,411.81,412.72,411.71, MLO
2020,1,43845,413.32,413.25,412.9, MLO
2020,2,43876,414.04,413.27,413.82, MLO
2020,3,43905,414.44,412.89,414.8, MLO
2020,4,43936,416.11,413.33,416.23, MLO
2020,5,43966,417.16,413.78,417.01, MLO
2020,6,43997,416.29,413.75,416.35, MLO
2020,7,44027,414.42,413.66,414.76, MLO
2020,8,44058,412.52,414.1,412.62, MLO
2020,9,44089,411.17,414.66,410.92, MLO
2020,10,44119,411.12,414.71,411.04, MLO
2020,11,44150,412.89,415.13,412.58, MLO
2020,12,44180,413.88,414.8,414.08, MLO
2021,1,44211,415.15,415.08,415.24, MLO
2021,2,44242,416.47,415.69,416.12, MLO
2021,3,44270,417.1,415.57,417.03, MLO
2021,4,44301,418.26,415.5,418.44, MLO
2021,5,44331,418.95,415.56,419.22, MLO
2021,6,44362,418.7,416.12,418.55, MLO
2021,7,44392,416.66,415.86,416.94, MLO
2021,8,44423,414.38,415.93,414.78, MLO
2021,9,44454,412.93,416.42,413.05, MLO
2021,10,44484,413.52,417.13,413.14, MLO
2021,11,44515,414.81,417.07,414.69, MLO
2021,12,44545,416.43,417.35,416.18, MLO
2022,1,44576,418.01,417.94,417.33, MLO
2022,2,44607,418.99,418.21,418.19, MLO
2022,3,44635,418.45,416.91,419.09, MLO
2022,4,44666,420.01,417.24,420.47, MLO
2022,5,44696,420.78,417.38,421.24, MLO
2022,6,44727,420.68,418.1,420.56, MLO
2022,7,44757,418.71,417.91,418.94, MLO
2022,8,44788,416.75,418.3,416.77, MLO
2022,9,44819,415.42,418.91,415.04, MLO
2022,10,44849,415.31,418.93,415.14, MLO
2022,11,44880,417.03,419.29,416.71, MLO
2022,12,44910,418.48,419.4,418.24, MKO
2023,1,44941,419.23,419.17,419.44, MKO
2023,2,44972,420.33,419.56,420.39, MKO
2023,3,45000,420.51,418.97,421.37, MLO
2023,4,45031,422.73,419.96,422.87, MLO
2023,5,45061,423.78,420.37,423.76, MLO
2023,6,45092,423.39,420.81,423.21, MLO
2023,7,45122,421.62,420.82,421.71, MLO
2023,8,45153,419.56,421.11,419.67, MLO
2023,9,45184,418.06,421.57,418.06, MLO
2023,10,45214,418.4,422.03,418.3, MLO
2023,11,45245,420.12,422.38,420, MLO
2023,12,45275,421.65,422.57,421.67, MLO
2024,1,45306,422.62,422.55,422.99, MLO
2024,2,45337,424.35,423.57,424.05, MLO
2024,3,45366,425.22,423.65,-99.99, MLO
2024,4,45397,-99.99,-99.99,-99.99, MLO
2024,5,45427,-99.99,-99.99,-99.99, MLO
2024,6,45458,-99.99,-99.99,-99.99, MLO
2024,7,45488,-99.99,-99.99,-99.99, MLO
2024,8,45519,-99.99,-99.99,-99.99, MLO
2024,9,45550,-99.99,-99.99,-99.99, MLO
2024,10,45580,-99.99,-99.99,-99.99, MLO
2024,11,45611,-99.99,-99.99,-99.99, MLO
2024,12,45641,-99.99,-99.99,-99.99, MLO